"time","open","close","high","low","volume","turnover"
"2024-02-26 10:00","0.55","2.95","3.256","0.55","264623.2107","673493.74036124"
"2024-02-26 10:05","2.95","2.761","3","2.622","68741.9875","195268.11051997"
"2024-02-26 10:10","2.7634","2.6061","2.8","2.56","60895.1586","161995.65231243"
"2024-02-26 10:15","2.63","2.4","2.6528","2.3333","89539.3712","225000.94801173"
"2024-02-26 10:20","2.385","2.5846","2.6463","2.3","39420.9837","96260.68302373"
"2024-02-26 10:25","2.584","2.5064","2.6363","2.4222","27882.4211","70249.64297073"
"2024-02-26 10:30","2.5059","2.6404","2.9","2.493","40388.5107","107268.81463186"
"2024-02-26 10:35","2.6489","2.55","2.6799","2.5235","17615.6123","45823.10805026"
"2024-02-26 10:40","2.55","2.5235","2.5876","2.506","11773.9437","29912.53610592"
"2024-02-26 10:45","2.5235","2.447","2.5399","2.447","17303.3284","42885.44347319"
"2024-02-26 10:50","2.4472","2.5001","2.52","2.35","24185.01","58613.774634"
"2024-02-26 10:55","2.5196","2.4","2.5478","2.36","16547.2052","40369.19077648"
"2024-02-26 11:00","2.4011","2.4","2.494","2.3671","30616.0986","74837.22685363"
"2024-02-26 11:05","2.3914","2.3119","2.4139","2.31","12702.5976","30017.22041425"
"2024-02-26 11:10","2.314","2.228","2.337","2.15","25754.6555","57638.45299206"
"2024-02-26 11:15","2.228","2.3628","2.5","2.2201","36810.653","86062.53411048"
"2024-02-26 11:20","2.3599","2.2891","2.385","2.25","15476.3056","35848.72642199"
"2024-02-26 11:25","2.2918","2.2095","2.2918","2.176","18232.987","40498.60141565"
"2024-02-26 11:30","2.2094","2.177","2.2499","2.177","11081.3714","24579.49393922"
"2024-02-26 11:35","2.177","2.2401","2.2401","2.17","11620.0446","25486.343088"
"2024-02-26 11:40","2.2401","2.226","2.2884","2.1973","19048.4742","42628.5563075"
"2024-02-26 11:45","2.224","2.223","2.239","2.1904","10345.8447","22880.86940866"
"2024-02-26 11:50","2.2229","2.3","2.34","2.19","26057.9052","59063.6501339"
"2024-02-26 11:55","2.3","2.3452","2.4197","2.3","20337.7735","47748.47793775"
"2024-02-26 12:00","2.3441","2.284","2.3459","2.21","23018.2681","52391.34504691"
"2024-02-26 12:05","2.284","2.3006","2.3581","2.2566","12929.1905","29670.04840331"
"2024-02-26 12:10","2.3004","2.2878","2.3241","2.2608","11901.9242","27250.16095146"
"2024-02-26 12:15","2.2878","2.3214","2.3489","2.2682","12759.1085","29385.42108695"
"2024-02-26 12:20","2.3261","2.381","2.44","2.3261","21150.4989","50460.8891862"
"2024-02-26 12:25","2.3868","2.4682","2.4699","2.381","18169.6528","44246.21980192"
"2024-02-26 12:30","2.4682","2.3599","2.4682","2.3403","15811.4225","38145.00990333"
"2024-02-26 12:35","2.3525","2.3392","2.3735","2.2891","9626.5589","22408.74729608"
"2024-02-26 12:40","2.3392","2.2816","2.36","2.2509","17327.7557","39754.12198988"
"2024-02-26 12:45","2.2764","2.28","2.3039","2.2537","7283.9503","16598.68608796"
"2024-02-26 12:50","2.295","2.2486","2.3024","2.2486","8495.6318","19170.17033244"
"2024-02-26 12:55","2.2505","2.214","2.2869","2.214","10735.0062","24132.34876014"
"2024-02-26 13:00","2.2272","2.2343","2.2494","2.2","8583.4257","19069.92650307"
"2024-02-26 13:05","2.2407","2.2405","2.29","2.2002","8177.808","18357.34635779"
"2024-02-26 13:10","2.2405","2.2","2.2678","2.2","13256.4815","29500.89357341"
"2024-02-26 13:15","2.2184","2.24","2.2554","2.2002","13260.8035","29456.26917868"
"2024-02-26 13:20","2.2508","2.2359","2.2877","2.21","19213.9763","43102.06485899"
"2024-02-26 13:25","2.2156","2.21","2.244","2.21","7491.4061","16630.71804792"
"2024-02-26 13:30","2.2101","2.1887","2.2165","2.18","8419.5994","18536.92931295"
"2024-02-26 13:35","2.1892","2.2201","2.24","2.1561","10412.61","22777.8765495"
"2024-02-26 13:40","2.2216","2.1131","2.24","2.1044","14649.626","31613.38193367"
"2024-02-26 13:45","2.1129","2.1311","2.136","2.1047","7588.5848","16069.51152107"
"2024-02-26 13:50","2.131","2.1664","2.298","2.1102","11426.9861","24938.23784911"
"2024-02-26 13:55","2.1664","2.1711","2.1841","2.1581","1297.7221","2817.21079865"
"2024-02-26 14:00","2.1711","2.1502","2.1755","2.1322","2430.7168","5221.89852466"
"2024-02-26 14:05","2.1502","2.1776","2.1983","2.1324","3114.0247","6770.44174611"
"2024-02-26 14:10","2.176","2.2427","2.2711","2.1731","6222.5257","13799.24033076"
"2024-02-26 14:15","2.2612","2.1896","2.285","2.1894","6495.807","14665.90658874"
"2024-02-26 14:20","2.2074","2.2278","2.3064","2.1944","5711.074","12817.674557"
"2024-02-26 14:25","2.2269","2.2439","2.2483","2.2269","1467.4457","3286.52610253"
"2024-02-26 14:30","2.2386","2.2248","2.2386","2.222","1782.1429","3970.10006732"
"2024-02-26 14:35","2.2249","2.2051","2.2266","2.1838","1402.2644","3095.72227654"
"2024-02-26 14:40","2.2051","2.1992","2.2059","2.185","1055.3513","2317.73861522"
"2024-02-26 14:45","2.2","2.1666","2.2043","2.1666","1364.9086","2974.920024"
"2024-02-26 14:50","2.1792","2.1949","2.1949","2.159","1802.9283","3911.99022025"
"2024-02-26 14:55","2.1949","2.1602","2.195","2.1326","4420.3175","9569.4193863"
"2024-02-26 15:00","2.1699","2.1598","2.1699","2.1145","2520.1875","5407.67851602"
"2024-02-26 15:05","2.1452","2.1955","2.1955","2.1452","1980.8454","4304.47852306"
"2024-02-26 15:10","2.188","2.2066","2.2066","2.1681","2383.8143","5225.1975008"
"2024-02-26 15:15","2.2066","2.2006","2.2066","2.183","638.8621","1403.49116266"
"2024-02-26 15:20","2.2004","2.2004","2.277","2.1801","3257.8075","7231.1893629"
"2024-02-26 15:25","2.2003","2.2408","2.2425","2.182","4128.3168","9137.0430265"
"2024-02-26 15:30","2.2337","2.2944","2.2996","2.2222","5164.6885","11647.98124776"
"2024-02-26 15:35","2.2946","2.326","2.35","2.2943","9703.8021","22563.9160674"
"2024-02-26 15:40","2.3253","2.2748","2.3448","2.2693","7604.155","17530.63873391"
"2024-02-26 15:45","2.2912","2.3268","2.3478","2.2815","4407.3665","10223.71890875"
"2024-02-26 15:50","2.342","2.337","2.35","2.3191","6707.9024","15715.75615167"
"2024-02-26 15:55","2.337","2.299","2.35","2.299","2873.0022","6693.30225291"
"2024-02-26 16:00","2.298","2.2314","2.3034","2.2222","7192.6077","16229.83508175"
"2024-02-26 16:05","2.2416","2.2441","2.2589","2.2","5996.0928","13336.61437174"
"2024-02-26 16:10","2.2441","2.23","2.28","2.21","6780.6642","15224.72771657"
"2024-02-26 16:15","2.23","2.288","2.308","2.2141","6114.2728","13900.31296403"
"2024-02-26 16:20","2.3036","2.2632","2.3498","2.2574","4200.7848","9681.90242533"
"2024-02-26 16:25","2.263","2.3212","2.3212","2.259","1451.7488","3322.8738001"
"2024-02-26 16:30","2.3112","2.254","2.319","2.2496","3456.4739","7823.83629148"
"2024-02-26 16:35","2.254","2.2795","2.3357","2.2385","4860.7342","11057.87340121"
"2024-02-26 16:40","2.276","2.269","2.276","2.2266","2573.8038","5801.83104445"
"2024-02-26 16:45","2.269","2.288","2.3163","2.2426","2244.0651","5107.00180546"
"2024-02-26 16:50","2.2878","2.2826","2.304","2.2729","1694.2028","3877.2660523"
"2024-02-26 16:55","2.282","2.2458","2.282","2.2368","2490.2709","5610.75530945"
"2024-02-26 17:00","2.254","2.2401","2.282","2.2399","3819.3261","8603.55164775"
"2024-02-26 17:05","2.2401","2.2399","2.2401","2.2399","1222.8335","2739.04706312"
"2024-02-26 17:10","2.2458","2.242","2.2558","2.2399","1027.1694","2304.33337203"
"2024-02-26 17:15","2.2459","2.2367","2.2569","2.199","7643.1778","16938.64726168"
"2024-02-26 17:20","2.2218","2.235","2.235","2.2166","567.7065","1264.26372647"
"2024-02-26 17:25","2.2282","2.2244","2.25","2.2142","1148.1045","2560.91214855"
"2024-02-26 17:30","2.2143","2.2541","2.2543","2.2026","1203.8338","2686.88969351"
"2024-02-26 17:35","2.2541","2.2375","2.2541","2.226","663.2641","1481.03975939"
"2024-02-26 17:40","2.2375","2.24","2.244","2.2181","1077.5988","2404.04731153"
"2024-02-26 17:45","2.2266","2.2499","2.25","2.2266","917.6731","2055.12162083"
"2024-02-26 17:50","2.2327","2.25","2.25","2.2327","1438.208","3232.66044644"
"2024-02-26 17:55","2.2434","2.25","2.25","2.2317","1392.3472","3126.41755833"
"2024-02-26 18:00","2.25","2.2523","2.2669","2.2386","767.9988","1734.58165072"
"2024-02-26 18:05","2.2509","2.2451","2.2646","2.2435","601.8483","1358.38736918"
"2024-02-26 18:10","2.245","2.2596","2.2669","2.2441","1208.5733","2734.08245656"
"2024-02-26 18:15","2.2668","2.3051","2.3052","2.2668","2567.5334","5877.97068561"
"2024-02-26 18:20","2.3052","2.2944","2.3146","2.2944","1327.8961","3057.41957111"
"2024-02-26 18:25","2.2905","2.2926","2.3153","2.286","1390.2316","3196.04046464"
"2024-02-26 18:30","2.2929","2.2724","2.2929","2.2425","2472.3916","5612.80153095"
"2024-02-26 18:35","2.2617","2.2788","2.291","2.2566","1656.0912","3769.14966267"
"2024-02-26 18:40","2.2825","2.284","2.2843","2.266","663.1904","1505.737823"
"2024-02-26 18:45","2.285","2.3008","2.3163","2.2727","1782.6092","4089.22876175"
"2024-02-26 18:50","2.3","2.2947","2.3155","2.2885","735.3623","1691.92589427"
"2024-02-26 18:55","2.2947","2.3133","2.3155","2.2932","1939.9958","4477.98735815"
"2024-02-26 19:00","2.3129","2.308","2.3199","2.3041","2378.212","5492.98917423"
"2024-02-26 19:05","2.308","2.3231","2.3231","2.2906","1919.3797","4426.36940953"
"2024-02-26 19:10","2.3234","2.2868","2.3256","2.25","2335.7132","5330.44746508"
"2024-02-26 19:15","2.2868","2.316","2.316","2.2563","2059.047","4700.06655036"
"2024-02-26 19:20","2.316","2.3121","2.3194","2.2891","2002.7474","4624.95324853"
"2024-02-26 19:25","2.3096","2.2838","2.3142","2.2703","3161.6436","7276.83887778"
"2024-02-26 19:30","2.2793","2.252","2.2936","2.182","15335.7168","33923.59240741"
"2024-02-26 19:35","2.2511","2.2388","2.2518","2.2332","1970.4863","4419.00874545"
"2024-02-26 19:40","2.237","2.23","2.2422","2.2225","3546.8496","7918.63870926"
"2024-02-26 19:45","2.2284","2.237","2.2532","2.2262","2590.7523","5796.93486934"
"2024-02-26 19:50","2.2494","2.2539","2.2611","2.2334","1108.0219","2495.49545679"
"2024-02-26 19:55","2.2532","2.248","2.2611","2.239","650.388","1467.13299459"
"2024-02-26 20:00","2.2455","2.2222","2.2518","2.2222","1276.1865","2844.84281933"
"2024-02-26 20:05","2.2224","2.2332","2.2605","2.2222","866.7169","1939.02156318"
"2024-02-26 20:10","2.2326","2.2343","2.2646","2.2314","1730.0728","3891.5833919"
"2024-02-26 20:15","2.2489","2.2647","2.2647","2.2408","1022.7341","2310.12173895"
"2024-02-26 20:20","2.2434","2.2494","2.2647","2.2364","639.5709","1436.350434"
"2024-02-26 20:25","2.2485","2.2651","2.2789","2.2485","3590.3835","8129.87560839"
"2024-02-26 20:30","2.2653","2.2938","2.3174","2.2652","4594.2919","10546.32334217"
"2024-02-26 20:35","2.2938","2.258","2.2938","2.2579","2227.2547","5063.18544609"
"2024-02-26 20:40","2.2575","2.2432","2.258","2.2338","447.3442","1004.89241519"
"2024-02-26 20:45","2.2532","2.2508","2.2761","2.2434","2085.6145","4699.93920572"
"2024-02-26 20:50","2.2712","2.2818","2.2819","2.2517","916.9863","2081.2158578"
"2024-02-26 20:55","2.2737","2.2893","2.3019","2.2737","1035.2685","2375.89812253"
"2024-02-26 21:00","2.2893","2.2844","2.3019","2.277","1378.112","3158.05354811"
"2024-02-26 21:05","2.282","2.26","2.2821","2.2418","1551.7988","3507.33510457"
"2024-02-26 21:10","2.26","2.2648","2.281","2.26","1108.9682","2513.44692915"
"2024-02-26 21:15","2.2611","2.2344","2.2611","2.2344","1871.1644","4212.16824095"
"2024-02-26 21:20","2.2473","2.242","2.26","2.2411","604.5747","1360.59155432"
"2024-02-26 21:25","2.251","2.24","2.2579","2.2188","1785.8113","3988.89595824"
"2024-02-26 21:30","2.2396","2.2177","2.2397","2.2023","3831.5178","8498.41030848"
"2024-02-26 21:35","2.2177","2.1797","2.2492","2.17","10787.4156","23772.98062499"
"2024-02-26 21:40","2.189","2.2","2.2117","2.1796","581.0453","1281.05336025"
"2024-02-26 21:45","2.2","2.1557","2.225","2.1557","2959.9741","6483.25864411"
"2024-02-26 21:50","2.1562","2.14","2.175","2.1391","2398.733","5176.17777864"
"2024-02-26 21:55","2.1391","2.1","2.14","2.0853","7171.2049","15145.68631733"
"2024-02-26 22:00","2.1075","2.1351","2.1746","2.095","5927.3412","12614.72815611"
"2024-02-26 22:05","2.1335","2.1515","2.1555","2.1224","1673.9066","3576.48585701"
"2024-02-26 22:10","2.1331","2.1531","2.1555","2.1317","1120.8774","2404.47029743"
"2024-02-26 22:15","2.1315","2.097","2.1315","2.0703","4150.7162","8737.84577233"
"2024-02-26 22:20","2.0971","2.0843","2.1073","2.0554","5257.2571","10951.44668345"
"2024-02-26 22:25","2.0843","2.0885","2.1015","2.05","2782.3735","5751.60930419"
"2024-02-26 22:30","2.0877","2.0883","2.0883","2.0561","2197.1499","4555.16117259"
"2024-02-26 22:35","2.089","2.0999","2.1","2.0757","646.0612","1351.78425223"
"2024-02-26 22:40","2.0999","2.1009","2.1172","2.0741","1319.4993","2766.66762513"
"2024-02-26 22:45","2.1009","2.1037","2.1228","2.1009","1038.3465","2196.50305383"
"2024-02-26 22:50","2.1105","2.1394","2.1394","2.1105","1324.7297","2808.84164762"
"2024-02-26 22:55","2.1272","2.1309","2.1555","2.1061","822.3428","1752.45963254"
"2024-02-26 23:00","2.15","2.1524","2.1796","2.1413","1092.9422","2358.27426446"
"2024-02-26 23:05","2.1523","2.1339","2.1999","2.1339","4621.2548","10025.76639011"
"2024-02-26 23:10","2.142","2.1567","2.1643","2.13","2814.1817","6040.99652487"
"2024-02-26 23:15","2.1566","2.12","2.1566","2","6607.3187","13751.68952482"
"2024-02-26 23:20","2.1151","2.1257","2.1275","2.115","714.2209","1514.37324887"
"2024-02-26 23:25","2.1359","2.1204","2.1361","2.1203","696.3352","1481.84313641"
"2024-02-26 23:30","2.1203","2.1203","2.1381","2.1203","1078.8501","2291.51651461"
"2024-02-26 23:35","2.1203","2.1177","2.1647","2.115","1699.1742","3609.13808562"
"2024-02-26 23:40","2.1177","2.1156","2.1223","2.1156","838.5862","1776.98370341"
"2024-02-26 23:45","2.1156","2.1297","2.1298","2.1118","1351.4416","2867.56409193"
"2024-02-26 23:50","2.1143","2.1157","2.1293","2.1143","162.9053","345.04005504"
"2024-02-26 23:55","2.1171","2.135","2.1435","2.1138","827.942","1765.83870036"
"2024-02-27 00:00","2.1348","2.1152","2.1348","2.113","683.8935","1446.43747626"
"2024-02-27 00:05","2.1153","2.1479","2.1483","2.1152","1376.1705","2942.31996293"
"2024-02-27 00:10","2.1492","2.1346","2.1522","2.1346","593.9332","1273.71498501"
"2024-02-27 00:15","2.1424","2.1314","2.1582","2.1314","900.473","1930.72259082"
"2024-02-27 00:20","2.1314","2.1223","2.1329","2.1102","1923.0481","4070.69587964"
"2024-02-27 00:25","2.1122","2.1062","2.1247","2.1016","879.2262","1855.81491771"
"2024-02-27 00:30","2.101","2.1009","2.1057","2.0759","2443.1609","5105.00930031"
"2024-02-27 00:35","2.101","2.0979","2.101","2.079","697.3754","1453.68075018"
"2024-02-27 00:40","2.0922","2.111","2.1123","2.09","995.6962","2093.338019"
"2024-02-27 00:45","2.1111","2.1235","2.15","2.1111","1560.0515","3315.73961334"
"2024-02-27 00:50","2.1224","2.1461","2.15","2.1224","922.0148","1969.84877848"
"2024-02-27 00:55","2.1281","2.165","2.172","2.128","1406.0119","3041.76951877"
"2024-02-27 01:00","2.1698","2.1988","2.1999","2.1698","1785.8985","3904.91497488"
"2024-02-27 01:05","2.1988","2.1921","2.22","2.177","1011.3874","2221.23705747"
"2024-02-27 01:10","2.179","2.1627","2.1924","2.1401","2418.9738","5232.39212097"
"2024-02-27 01:15","2.1512","2.1925","2.1925","2.1495","950.5732","2071.16044766"
"2024-02-27 01:20","2.1865","2.1864","2.1924","2.1836","84.1241","184.09446287"
"2024-02-27 01:25","2.1923","2.1597","2.1923","2.1469","1695.312","3676.06296831"
"2024-02-27 01:30","2.1572","2.1602","2.1647","2.1179","2247.9015","4826.75790665"
"2024-02-27 01:35","2.1602","2.133","2.1716","2.133","991.6622","2133.91286523"
"2024-02-27 01:40","2.134","2.134","2.134","2.1262","244.6063","521.20767924"
"2024-02-27 01:45","2.134","2.1376","2.1441","2.1155","1139.1224","2427.66134688"
"2024-02-27 01:50","2.1376","2.1149","2.1441","2.0586","1120.4964","2364.81306517"
"2024-02-27 01:55","2.1205","2.1198","2.1261","2.101","930.9095","1971.82901486"
"2024-02-27 02:00","2.1143","2.1239","2.126","2.1091","700.6462","1482.50666539"
"2024-02-27 02:05","2.1239","2.1323","2.1386","2.1239","1096.6864","2341.52322129"
"2024-02-27 02:10","2.1349","2.13","2.1349","2.1297","92.793","197.76327559"
"2024-02-27 02:15","2.1235","2.13","2.13","2.1235","956.5567","2036.31470193"
"2024-02-27 02:20","2.13","2.077","2.13","2.062","4852.94","10207.21244342"
"2024-02-27 02:25","2.0674","2.0793","2.1532","2.0486","3923.5374","8162.32307829"
"2024-02-27 02:30","2.0792","2.0746","2.1009","2.0692","1450.6596","3030.0903642"
"2024-02-27 02:35","2.0712","2.0668","2.0914","2.0668","676.986","1411.04510239"
"2024-02-27 02:40","2.0771","2.044","2.0807","2.0428","1954.3071","4019.28056901"
"2024-02-27 02:45","2.044","2.02","2.0665","1.9921","5364.3538","10845.47899409"
"2024-02-27 02:50","2.0151","1.9921","2.0151","1.9843","1934.8449","3862.67214907"
"2024-02-27 02:55","1.9891","1.9901","2.015","1.9832","1500.0095","3002.68239186"
"2024-02-27 03:00","2.0074","2.0204","2.0204","1.9911","643.8989","1297.57436768"
"2024-02-27 03:05","2.0204","2.0193","2.0209","2.015","392.672","792.10079384"
"2024-02-27 03:10","2.0193","1.9138","2.0193","1.9101","5890.8073","11454.84210217"
"2024-02-27 03:15","1.9235","1.9389","1.9389","1.9155","2209.7653","4258.97446864"
"2024-02-27 03:20","1.9389","1.902","1.9389","1.9","3603.6584","6881.31224228"
"2024-02-27 03:25","1.9169","1.9081","1.9169","1.9004","4132.0792","7882.33908805"
"2024-02-27 03:30","1.9081","1.9258","1.926","1.8979","2497.0618","4766.18314277"
"2024-02-27 03:35","1.9273","1.937","1.9389","1.9191","465.7997","901.56393768"
"2024-02-27 03:40","1.937","1.9463","1.9463","1.9358","1056.3936","2052.08967895"
"2024-02-27 03:45","1.941","1.9361","1.941","1.936","216.1893","418.96840661"
"2024-02-27 03:50","1.936","1.9353","1.9522","1.9272","2328.8831","4514.7882833"
"2024-02-27 03:55","1.925","1.9212","1.9358","1.9212","435.7009","837.63097586"
"2024-02-27 04:00","1.9328","1.9212","1.9411","1.9177","1459.9091","2812.31371851"
"2024-02-27 04:05","1.9212","1.9247","1.9247","1.9061","1425.2084","2734.39721864"
"2024-02-27 04:10","1.9109","1.922","1.9247","1.908","1209.5418","2322.57291142"
"2024-02-27 04:15","1.9091","1.9082","1.9247","1.9082","804.4699","1541.22112637"
"2024-02-27 04:20","1.9084","1.9081","1.9129","1.8888","2636.8688","5014.31490979"
"2024-02-27 04:25","1.8953","1.8834","1.8998","1.8834","2014.4545","3800.31348863"
"2024-02-27 04:30","1.8834","1.8851","1.9028","1.88","2771.1906","5235.8468644"
"2024-02-27 04:35","1.8798","1.86","1.8799","1.86","1613.2221","3005.59783701"
"2024-02-27 04:40","1.86","1.8281","1.86","1.8281","3349.5198","6181.68409395"
"2024-02-27 04:45","1.8415","1.7321","1.846","1.7321","4724.7813","8413.51634553"
"2024-02-27 04:50","1.731","1.7868","1.8278","1.701","11884.9721","20864.70186836"
"2024-02-27 04:55","1.7868","1.7533","1.8139","1.7533","3679.4834","6628.55523246"
"2024-02-27 05:00","1.7532","1.71","1.764","1.7","4520.2819","7833.55192582"
"2024-02-27 05:05","1.7078","1.8","1.8487","1.7078","3746.1185","6602.48118863"
"2024-02-27 05:10","1.8","1.7748","1.8139","1.7642","1940.8795","3463.75709476"
"2024-02-27 05:15","1.794","1.8121","1.8302","1.792","774.5523","1401.23940734"
"2024-02-27 05:20","1.8122","1.8488","1.8545","1.8121","1187.3265","2180.28990929"
"2024-02-27 05:25","1.8489","1.8478","1.8636","1.84","975.5493","1809.33914163"
"2024-02-27 05:30","1.8597","1.9","1.9","1.85","2669.9648","4991.25900635"
"2024-02-27 05:35","1.8964","1.8724","1.8964","1.8724","1766.4247","3335.04865023"
"2024-02-27 05:40","1.8939","1.9085","1.9098","1.8834","2284.7875","4336.08503545"
"2024-02-27 05:45","1.91","1.9257","1.9403","1.9085","1334.5766","2567.20680792"
"2024-02-27 05:50","1.9262","1.9302","1.955","1.9","3151.0869","6090.69126907"
"2024-02-27 05:55","1.9458","1.93","1.9532","1.9286","2720.4125","5280.18747625"
"2024-02-27 06:00","1.93","1.9131","1.93","1.8914","1391.6692","2667.6834041"
"2024-02-27 06:05","1.9009","1.8948","1.9022","1.8799","1258.3027","2383.97159212"
"2024-02-27 06:10","1.8947","1.9426","1.9426","1.8947","1526.6194","2940.66177378"
"2024-02-27 06:15","1.9426","1.9501","1.9598","1.9426","1504.622","2941.3558105"
"2024-02-27 06:20","1.9501","2.004","2.0075","1.9429","4196.5782","8351.42552898"
"2024-02-27 06:25","2.0075","2.0292","2.0383","2.0049","2212.7346","4470.44094725"
"2024-02-27 06:30","2.0164","2.0508","2.0509","2.0164","1006.8702","2058.51208143"
"2024-02-27 06:35","2.0508","1.9599","2.0509","1.955","3110.1749","6230.01281028"
"2024-02-27 06:40","1.9568","1.97","1.972","1.9411","3115.6334","6117.9022974"
"2024-02-27 06:45","1.9699","1.9347","1.9758","1.9309","2223.3324","4358.66378836"
"2024-02-27 06:50","1.941","1.9434","1.9758","1.9233","1432.1667","2779.44129312"
"2024-02-27 06:55","1.9682","1.9893","2.0152","1.957","2287.8217","4568.57600854"
"2024-02-27 07:00","1.986","1.9919","2","1.9751","926.1114","1846.17955883"
"2024-02-27 07:05","1.9919","2.0095","2.0095","1.9801","1794.4178","3573.83740675"
"2024-02-27 07:10","2.0054","2.0329","2.035","2.0054","1200.733","2430.70879367"
"2024-02-27 07:15","2.0219","2.0446","2.0522","2.0095","4125.9121","8397.76982597"
"2024-02-27 07:20","2.0428","2.037","2.1074","2.0321","2847.9756","5873.83108294"
"2024-02-27 07:25","2.0434","2.0456","2.0456","2.035","502.1916","1025.9436011"
"2024-02-27 07:30","2.0338","2.037","2.0695","2.0275","1454.1859","2978.5504181"
"2024-02-27 07:35","2.039","2","2.0509","2","2193.0274","4432.09921969"
"2024-02-27 07:40","2.0033","1.9608","2.0033","1.94","4251.7916","8318.2910954"
"2024-02-27 07:45","1.9426","1.9749","1.9907","1.88","2570.242","4990.83188062"
"2024-02-27 07:50","1.9784","1.9441","1.9786","1.9272","2461.4529","4800.9919817"
"2024-02-27 07:55","1.9448","1.9272","1.956","1.9272","491.486","956.16352356"
"2024-02-27 08:00","1.94","1.999","1.999","1.9272","2754.1654","5389.82387282"
"2024-02-27 08:05","1.9873","1.9909","1.9909","1.9679","894.6831","1768.0159951"
"2024-02-27 08:10","1.9741","1.9698","1.9908","1.9597","1947.8355","3846.03517471"
"2024-02-27 08:15","1.9804","1.972","1.9806","1.9698","1236.8056","2436.90516313"
"2024-02-27 08:20","1.972","1.9698","1.9906","1.9698","555.5438","1098.64347881"
"2024-02-27 08:25","1.9838","1.9699","1.9838","1.9699","36.7049","72.33300908"
"2024-02-27 08:30","1.9699","1.9775","1.9909","1.9699","416.4431","826.39720445"
"2024-02-27 08:35","1.9699","1.9828","1.9828","1.9562","927.6734","1826.49669337"
"2024-02-27 08:40","1.979","1.95","1.979","1.95","989.5866","1938.40378029"
"2024-02-27 08:45","1.9531","1.9585","1.9754","1.9308","2370.0651","4633.57813887"
"2024-02-27 08:50","1.972","1.9781","2","1.9673","1960.3584","3890.86927672"
"2024-02-27 08:55","1.9781","1.988","1.9936","1.9699","813.2857","1611.31746754"
"2024-02-27 09:00","1.9783","1.9879","1.99","1.9747","385.9641","766.79178923"
"2024-02-27 09:05","1.9881","2","2","1.9868","2091.5172","4179.66004173"
"2024-02-27 09:10","1.9924","2.023","2.0462","1.9924","1999.6755","4063.58460897"
"2024-02-27 09:15","2.0292","2.0278","2.0464","2.0131","1123.725","2280.81903362"
"2024-02-27 09:20","2.023","2.0359","2.0464","2.018","1289.3485","2609.30568137"
"2024-02-27 09:25","2.031","2.051","2.051","2.0196","2270.7098","4619.45868989"
"2024-02-27 09:30","2.051","2.0481","2.0535","2.0274","1822.9686","3732.51507219"
"2024-02-27 09:35","2.0479","2.082","2.09","2.0479","3026.8656","6274.52137302"
"2024-02-27 09:40","2.088","2.0861","2.1228","2.069","7054.7986","14799.6167381"
"2024-02-27 09:45","2.088","2.0437","2.0937","2.037","2051.0975","4231.52596148"
"2024-02-27 09:50","2.0447","2.0705","2.0742","2.038","532.3805","1093.04085396"
"2024-02-27 09:55","2.0715","2.0759","2.0935","2.062","941.4827","1957.13220011"
"2024-02-27 10:00","2.0594","2.048","2.0731","2.048","1798.9539","3703.44034145"
"2024-02-27 10:05","2.048","2.048","2.05","2.0371","1258.1367","2575.4711218"
"2024-02-27 10:10","2.048","2.1095","2.1168","2.048","6084.1943","12689.32475246"
"2024-02-27 10:15","2.1001","2.0804","2.1095","2.0804","905.8973","1903.60777764"
"2024-02-27 10:20","2.0929","2.0714","2.1059","2.0714","727.824","1524.7801661"
"2024-02-27 10:25","2.0701","2.0487","2.0701","1.91","5707.2352","11444.4752944"
"2024-02-27 10:30","2.0497","2.025","2.0497","2.025","255.7673","520.14619194"
"2024-02-27 10:35","2.025","2.04","2.0435","2.0206","1133.7699","2297.54816607"
"2024-02-27 10:40","2.0208","2.0435","2.0435","2","3036.0114","6120.51872893"
"2024-02-27 10:45","2.0431","2.0473","2.0507","2.0254","1280.1611","2615.84258489"
"2024-02-27 10:50","2.0473","2.0442","2.0557","2.02","873.6388","1784.18951299"
"2024-02-27 10:55","2.0351","2.0454","2.0669","2.0351","1138.1733","2327.47183997"
"2024-02-27 11:00","2.0454","2.0577","2.0622","2.0325","1236.0242","2533.00257422"
"2024-02-27 11:05","2.0403","2.0393","2.0536","2.0307","1316.1054","2690.80445881"
"2024-02-27 11:10","2.035","2.0464","2.0535","2.035","640.9317","1313.74018665"
"2024-02-27 11:15","2.0401","2.0505","2.0505","2.0272","738.2295","1505.96540915"
"2024-02-27 11:20","2.0504","2.0711","2.08","2.0504","977.0074","2016.68467222"
"2024-02-27 11:25","2.0766","2.0982","2.1143","2.0663","2044.1744","4278.88074711"
"2024-02-27 11:30","2.0999","2.0946","2.0999","2.0896","732.4676","1534.99059582"
"2024-02-27 11:35","2.0946","2.0932","2.1056","2.0812","1705.8963","3569.66589063"
"2024-02-27 11:40","2.0853","2.0688","2.0875","2.0614","1269.3791","2634.46335754"
"2024-02-27 11:45","2.0771","2.0831","2.0831","2.0604","1007.6293","2081.32692068"
"2024-02-27 11:50","2.0821","2.0778","2.0948","2.0704","768.3685","1602.75988613"
"2024-02-27 11:55","2.0893","2.0853","2.1026","2.0778","996.1727","2090.19686965"
"2024-02-27 12:00","2.0873","2.0578","2.0873","2.0456","2383.7784","4906.00841982"
"2024-02-27 12:05","2.0601","2.05","2.0752","2.05","547.379","1126.28017851"
"2024-02-27 12:10","2.0502","2.0394","2.0585","2.0311","2284.5045","4692.88599265"
"2024-02-27 12:15","2.0381","2.0315","2.0404","2.0315","91.6642","186.72002398"
"2024-02-27 12:20","2.0311","2.0196","2.0369","2.001","2081.6243","4186.39088774"
"2024-02-27 12:25","2.0196","2","2.0288","2","3356.8452","6731.95584399"
"2024-02-27 12:30","2","2.0058","2.0242","2","3035.1279","6082.34166827"
"2024-02-27 12:35","2.0051","1.983","2.0051","1.983","3326.0581","6640.94936988"
"2024-02-27 12:40","1.9808","1.9618","1.9808","1.96","1393.5584","2742.77334656"
"2024-02-27 12:45","1.9719","1.9638","1.9873","1.9444","952.9876","1876.37246235"
"2024-02-27 12:50","1.9449","1.9475","2.0051","1.9449","925.0912","1820.54539936"
"2024-02-27 12:55","1.9626","1.9499","1.9715","1.9466","1058.2234","2072.94229192"
"2024-02-27 13:00","1.9466","1.9101","1.9466","1.91","2623.7211","5048.03022805"
"2024-02-27 13:05","1.9101","1.8943","1.916","1.8765","3486.2121","6612.18164709"
"2024-02-27 13:10","1.885","1.8964","1.9004","1.8783","1592.9603","3014.74420867"
"2024-02-27 13:15","1.8964","1.9347","1.9347","1.86","6987.7354","13194.46544867"
"2024-02-27 13:20","1.936","1.9566","1.9566","1.9056","2113.7031","4093.68159074"
"2024-02-27 13:25","1.955","1.9703","1.9765","1.9427","3396.4264","6683.88842704"
"2024-02-27 13:30","1.9703","1.9618","1.9862","1.956","2018.665","3983.01404791"
"2024-02-27 13:35","1.9609","1.9371","1.9609","1.9233","1867.4166","3632.43479882"
"2024-02-27 13:40","1.9463","1.9331","1.9546","1.9","1464.497","2807.25639843"
"2024-02-27 13:45","1.9317","1.9201","1.9426","1.9201","1279.7617","2471.2351892"
"2024-02-27 13:50","1.9308","1.8949","1.9426","1.8949","737.0512","1420.64519428"
"2024-02-27 13:55","1.896","1.9186","1.9296","1.896","2262.4539","4347.71451863"
"2024-02-27 14:00","1.93","1.9184","1.9534","1.9184","1611.9479","3112.59430436"
"2024-02-27 14:05","1.9396","1.9241","1.9425","1.92","662.8506","1283.75290651"
"2024-02-27 14:10","1.937","1.943","1.9534","1.937","139","270.04516277"
"2024-02-27 14:15","1.9323","1.9604","1.9777","1.9323","1283.3992","2516.50473783"
"2024-02-27 14:20","1.9546","1.9662","1.975","1.9523","165.5966","324.70852944"
"2024-02-27 14:25","1.9662","1.926","1.9679","1.926","1777.3713","3466.9601565"
"2024-02-27 14:30","1.926","1.9376","1.96","1.926","1733.893","3375.69800729"
"2024-02-27 14:35","1.9341","1.9191","1.9372","1.9119","1510.3182","2908.6028788"
"2024-02-27 14:40","1.919","1.93","1.9346","1.9094","1218.0281","2339.42506416"
"2024-02-27 14:45","1.9299","1.923","1.9415","1.9214","1050.7065","2034.00321618"
"2024-02-27 14:50","1.923","1.9426","1.9426","1.923","122.4986","236.27642728"
"2024-02-27 14:55","1.9303","1.9303","1.9565","1.93","1428.4002","2770.40462117"
"2024-02-27 15:00","1.9303","1.9052","1.9433","1.7373","5596.9281","10532.8500848"
"2024-02-27 15:05","1.9052","1.8754","1.9164","1.8754","3081.4","5844.26546916"
"2024-02-27 15:10","1.8964","1.8728","1.91","1.8728","2737.8034","5190.63162342"
"2024-02-27 15:15","1.8909","1.8834","1.9152","1.8834","752.7964","1432.45779489"
"2024-02-27 15:20","1.8834","1.8726","1.8899","1.858","1172.6228","2194.82192912"
"2024-02-27 15:25","1.8779","1.9067","1.9154","1.8683","2390.8925","4517.29893156"
"2024-02-27 15:30","1.908","1.9164","1.9164","1.9067","200.9343","384.75981077"
"2024-02-27 15:35","1.9164","1.8851","1.9238","1.803","5337.6699","10069.48996635"
"2024-02-27 15:40","1.8681","1.8693","1.8851","1.8681","756.1989","1421.74815381"
"2024-02-27 15:45","1.885","1.872","1.8911","1.8689","702.857","1324.28780738"
"2024-02-27 15:50","1.8663","1.866","1.873","1.8492","1523.3906","2832.37787936"
"2024-02-27 15:55","1.8511","1.815","1.8511","1.8033","4186.3627","7613.4482452"
"2024-02-27 16:00","1.83","1.8502","1.8502","1.8204","1667.1731","3056.13341877"
"2024-02-27 16:05","1.8514","1.8619","1.8619","1.8332","618.2998","1147.20821148"
"2024-02-27 16:10","1.8443","1.85","1.8639","1.8442","269.5741","498.7291667"
"2024-02-27 16:15","1.8637","1.8696","1.8829","1.842","1475.3262","2750.9395321"
"2024-02-27 16:20","1.8696","1.8679","1.8696","1.8421","1464.2841","2727.35966677"
"2024-02-27 16:25","1.869","1.872","1.8853","1.8425","1941.8965","3623.57724215"
"2024-02-27 16:30","1.8748","1.8711","1.8962","1.8652","3108.0796","5839.77026935"
"2024-02-27 16:35","1.8711","1.8646","1.8711","1.8646","287.0735","536.01091161"
"2024-02-27 16:40","1.8711","1.8872","1.8872","1.8711","525.3567","989.10292706"
"2024-02-27 16:45","1.881","1.8872","1.8872","1.8721","287.023","540.17777758"
"2024-02-27 16:50","1.8872","1.9038","1.9038","1.8872","736.575","1396.09135805"
"2024-02-27 16:55","1.903","1.9076","1.9076","1.903","91.2173","173.71676161"
"2024-02-27 17:00","1.9083","1.9278","1.9278","1.9079","1538.4481","2953.33710273"
"2024-02-27 17:05","1.9279","1.992","1.9951","1.9215","7792.9682","15165.22148726"
"2024-02-27 17:10","1.9752","1.9886","1.9888","1.9604","1924.5222","3807.68040404"
"2024-02-27 17:15","1.975","1.9693","1.9869","1.9693","220.5995","435.07447435"
"2024-02-27 17:20","1.9799","1.9678","1.9885","1.9501","2355.2202","4630.12262306"
"2024-02-27 17:25","1.9684","1.956","1.9816","1.956","2093.3349","4107.21642153"
"2024-02-27 17:30","1.956","1.9825","1.9825","1.956","898.2503","1767.62220569"
"2024-02-27 17:35","1.9607","1.9739","2.0998","1.9579","2701.6804","5406.83599575"
"2024-02-27 17:40","1.9699","1.9769","1.9769","1.9629","990.6468","1953.45136117"
"2024-02-27 17:45","1.977","1.9808","1.9808","1.9721","736.0539","1455.66500966"
"2024-02-27 17:50","1.9741","1.9731","1.9808","1.9731","250.948","496.6073676"
"2024-02-27 17:55","1.9807","1.9818","1.9818","1.9807","743.2851","1472.87356183"
"2024-02-27 18:00","1.9808","1.9858","1.9858","1.9766","308.7248","612.65806996"
"2024-02-27 18:05","1.9731","1.9739","1.989","1.973","975.8989","1934.45026853"
"2024-02-27 18:10","1.9769","1.9769","1.9769","1.9769","39","77.0991"
"2024-02-27 18:15","1.9888","1.9893","1.99","1.966","1548.8103","3079.37021246"
"2024-02-27 18:20","1.989","1.99","1.9928","1.989","605.5022","1204.98486532"
"2024-02-27 18:25","1.9928","1.9741","1.9928","1.9709","254.498","506.02145409"
"2024-02-27 18:30","1.9927","1.9927","1.9927","1.9703","522.776","1030.42070046"
"2024-02-27 18:35","1.9741","1.9684","1.9741","1.9684","45.3656","89.52422321"
"2024-02-27 18:40","1.9888","1.9927","1.9927","1.9888","9.5498","19.02202958"
"2024-02-27 18:45","1.9926","1.9734","1.9926","1.9734","4.6669","9.26118366"
"2024-02-27 18:50","1.9734","1.9751","1.9751","1.9734","63.7108","125.80114464"
"2024-02-27 18:55","1.9711","1.975","1.9854","1.7748","8698.1724","16812.80863696"
"2024-02-27 19:00","1.9759","1.975","1.9759","1.9744","15.4769","30.56642552"
"2024-02-27 19:05","1.975","1.9889","1.99","1.975","601.0567","1193.10660037"
"2024-02-27 19:10","1.9888","1.966","1.9913","1.966","406.7327","808.20664951"
"2024-02-27 19:15","1.9671","1.967","1.9671","1.967","4.5946","9.03797767"
"2024-02-27 19:20","1.972","1.9736","1.9736","1.972","23.625","46.621636"
"2024-02-27 19:25","1.9878","1.9591","1.9929","1.8632","3260.6937","6321.43253872"
"2024-02-27 19:30","1.952","1.945","1.952","1.9426","53.2121","103.6463664"
"2024-02-27 19:35","1.9441","1.9441","1.9441","1.9441","19.4685","37.84871085"
"2024-02-27 19:40","1.9472","1.9481","1.9481","1.9471","17.8286","34.71698689"
"2024-02-27 19:45","1.9481","1.9131","1.9481","1.9131","247.3914","476.32479162"
"2024-02-27 19:50","1.9355","1.9288","1.9357","1.9157","393.5554","758.85935231"
"2024-02-27 19:55","1.9287","1.921","1.93","1.918","338.7923","653.0404073"
"2024-02-27 20:00","1.9173","1.9162","1.9173","1.9162","10.3564","19.84942234"
"2024-02-27 20:05","1.9348","1.9329","1.9348","1.9153","444.9595","858.04844574"
"2024-02-27 20:10","1.9394","1.95","1.95","1.933","726.9592","1410.49366775"
"2024-02-27 20:15","1.9361","1.95","1.9548","1.9232","1531.3058","2960.18732849"
"2024-02-27 20:20","1.95","1.9662","1.9703","1.95","168.4885","331.04281717"
"2024-02-27 20:25","1.968","1.9702","1.9703","1.9585","221.7487","436.64772766"
"2024-02-27 20:30","1.9702","1.968","1.977","1.952","344.7953","680.94003471"
"2024-02-27 20:35","1.959","1.968","1.968","1.959","90.2341","177.3737088"
"2024-02-27 20:40","1.968","1.968","1.9769","1.9589","267.1512","524.87049001"
"2024-02-27 20:45","1.968","1.9814","1.9814","1.967","146.9594","290.50576919"
"2024-02-27 20:50","1.9826","1.9442","1.9826","1.9442","394.0824","773.20166986"
"2024-02-27 20:55","1.944","1.9826","1.9826","1.9366","1010.836","1991.65620937"
"2024-02-27 21:00","1.9745","1.972","1.9826","1.9701","509.5017","1005.22965031"
"2024-02-27 21:05","1.9771","1.979","1.979","1.9771","10.0882","19.95494463"
"2024-02-27 21:10","1.983","1.9781","1.9899","1.9781","191.4256","380.45063741"
"2024-02-27 21:15","1.9781","1.9899","1.9899","1.9781","34.5534","68.70842646"
"2024-02-27 21:20","1.9734","1.971","1.9893","1.9588","492.838","975.0048576"
"2024-02-27 21:25","1.9888","1.993","1.993","1.9718","1234.8789","2458.97775677"
"2024-02-27 21:30","1.9931","1.9931","1.9931","1.9931","11.707","23.3332217"
"2024-02-27 21:35","1.9931","1.9938","1.994","1.9756","405.764","808.35576544"
"2024-02-27 21:40","1.975","1.9629","1.9839","1.9629","189.6881","373.06597088"
"2024-02-27 21:45","1.9629","1.9566","1.9629","1.9566","125.6344","246.31463475"
"2024-02-27 21:50","1.956","1.9443","1.956","1.9443","220","428.2876033"
"2024-02-27 21:55","1.9445","1.9442","1.9445","1.9442","595.2725","1157.34174803"
"2024-02-27 22:00","1.9442","1.9549","1.9565","1.9442","12.9759","25.30415394"
"2024-02-27 22:05","1.9565","1.945","1.9565","1.9442","319.6149","621.44775773"
"2024-02-27 22:10","1.945","1.9565","1.9565","1.945","663.1419","1290.1902655"
"2024-02-27 22:15","1.9565","1.9828","1.9828","1.9565","711.7927","1404.11255857"
"2024-02-27 22:20","1.9828","1.9828","1.9828","1.9828","1.5105","2.9950194"
"2024-02-27 22:25","1.9691","1.9897","1.9966","1.969","1331.6762","2654.27389545"
"2024-02-27 22:30","1.9948","1.9977","1.9977","1.9739","1133.3389","2251.09658006"
"2024-02-27 22:35","1.9978","2.0034","2.0034","1.9977","250.9556","501.46420368"
"2024-02-27 22:40","2.0034","1.959","2.0034","1.9588","1857.6138","3651.11353839"
"2024-02-27 22:45","1.958","1.958","1.9653","1.9442","871.6836","1700.40005389"
"2024-02-27 22:50","1.958","1.9443","1.958","1.9442","561.3962","1091.72245302"
"2024-02-27 22:55","1.9443","1.9443","1.9443","1.9443","0","0"
"2024-02-27 23:00","1.9443","1.9442","1.9443","1.9442","81.8486","159.13421653"
"2024-02-27 23:05","1.945","1.9791","1.9856","1.945","2347.8472","4627.31304318"
"2024-02-27 23:10","1.983","1.9714","1.983","1.9714","179.936","356.3070612"
"2024-02-27 23:15","1.9862","1.9714","1.9874","1.9714","72.6145","143.59338475"
"2024-02-27 23:20","1.974","1.974","1.974","1.974","5.0678","10.0038372"
"2024-02-27 23:25","1.974","1.974","1.974","1.974","0","0"
"2024-02-27 23:30","1.978","1.9729","1.9801","1.9658","85.205","168.03804851"
"2024-02-27 23:35","1.9729","1.9729","1.9729","1.9729","0","0"
"2024-02-27 23:40","1.9658","1.9657","1.9658","1.9657","7.33","14.40908969"
"2024-02-27 23:45","1.9658","1.9875","1.9875","1.9658","711.6375","1406.75353576"
"2024-02-27 23:50","1.9888","1.9918","1.9919","1.9862","72.7472","144.86360481"
"2024-02-27 23:55","1.9918","1.9918","1.9918","1.9918","68.5478","136.53350804"
"2024-02-28 00:00","1.9918","1.9918","1.9918","1.9918","0","0"
"2024-02-28 00:05","1.9932","1.9781","1.9932","1.9737","480.2547","950.40423434"
"2024-02-28 00:10","1.9877","1.988","1.988","1.9877","129.1088","256.63986028"
"2024-02-28 00:15","1.9742","1.976","1.9822","1.9741","145.3551","287.07274508"
"2024-02-28 00:20","1.979","1.974","1.979","1.974","36.0111","71.2211258"
"2024-02-28 00:25","1.975","1.976","1.976","1.975","13.0316","25.7399403"
"2024-02-28 00:30","1.975","1.9888","1.9888","1.9657","596.8585","1179.94519926"
"2024-02-28 00:35","1.9888","1.9888","1.9888","1.9888","0.8454","1.68133152"
"2024-02-28 00:40","1.9761","1.9657","1.9761","1.9657","250.2212","492.67538154"
"2024-02-28 00:45","1.9671","1.9794","1.9836","1.9593","5998.5394","11814.84361962"
"2024-02-28 00:50","1.9794","1.9794","1.9794","1.9794","0","0"
"2024-02-28 00:55","1.9793","1.9794","1.9795","1.9793","878.1999","1738.26987139"
"2024-02-28 01:00","1.9794","1.9793","1.9794","1.9793","151.6803","300.23016627"
"2024-02-28 01:05","1.9793","1.98","1.98","1.9793","23.3016","46.13131463"
"2024-02-28 01:10","1.9793","1.9793","1.98","1.9793","49.9474","98.86805738"
"2024-02-28 01:15","1.98","1.9861","1.9861","1.9793","60.6644","120.25471065"
"2024-02-28 01:20","1.9793","1.9794","1.9794","1.9793","220.994","437.4136692"
"2024-02-28 01:25","1.9796","1.9794","1.9796","1.9793","104.3436","206.53496083"
"2024-02-28 01:30","1.9849","1.996","1.996","1.9849","747.2785","1488.79953053"
"2024-02-28 01:35","1.9849","1.9879","1.9879","1.9816","56.5209","112.05791361"
"2024-02-28 01:40","1.9879","1.9879","1.9879","1.9879","0","0"
"2024-02-28 01:45","1.9814","1.9759","1.9814","1.9704","532.8741","1054.65907213"
"2024-02-28 01:50","1.9746","1.9907","2.0414","1.9746","947.7865","1897.32201812"
"2024-02-28 01:55","1.992","1.9907","1.9927","1.9907","48.4973","96.62321656"
"2024-02-28 02:00","1.9888","1.989","1.9907","1.9888","274.8365","546.96543666"
"2024-02-28 02:05","1.988","1.983","1.989","1.983","34.9281","69.4078457"
"2024-02-28 02:10","1.983","1.9865","1.9962","1.9819","427.169","851.25243376"
"2024-02-28 02:15","1.9865","1.9865","1.9865","1.9865","0","0"
"2024-02-28 02:20","1.9961","1.9838","1.9961","1.9838","101.3436","201.42579006"
"2024-02-28 02:25","1.9871","1.9962","1.9962","1.9863","149.6199","298.37910556"
"2024-02-28 02:30","1.9881","1.9868","1.9881","1.9868","30","59.61731304"
"2024-02-28 02:35","1.9816","1.9898","2.002","1.9816","76.8136","153.32123886"
"2024-02-28 02:40","2.0022","2.0132","2.0132","2.0022","221.0288","444.46427221"
"2024-02-28 02:45","1.9958","1.9957","2.009","1.9957","45.9031","91.73877362"
"2024-02-28 02:50","1.9957","1.9957","1.9957","1.9957","0","0"
"2024-02-28 02:55","2.007","1.9976","2.0155","1.9976","162.3914","325.15773584"
"2024-02-28 03:00","1.9988","1.9973","1.9988","1.9823","327.5371","651.24432105"
"2024-02-28 03:05","1.983","1.9976","1.9976","1.983","295.8081","590.80127415"
"2024-02-28 03:10","1.9976","2.0148","2.0148","1.9976","373.6132","750.5399508"
"2024-02-28 03:15","2.0148","2.0148","2.0148","2.0093","63.7355","128.357961"
"2024-02-28 03:20","2.0152","2.0221","2.0221","2.0152","196.8278","397.8605394"
"2024-02-28 03:25","2.0223","2.0057","2.025","2.0057","1451.7086","2914.31870459"
"2024-02-28 03:30","2.0058","1.9909","2.0058","1.9899","251.9801","503.79897811"
"2024-02-28 03:35","1.9899","1.9614","1.9899","1.9614","325.5611","642.460462"
"2024-02-28 03:40","1.9629","1.9097","1.9659","1.9097","854.0595","1661.13989411"
"2024-02-28 03:45","1.9209","1.9229","1.9277","1.9062","448.5539","859.39839418"
"2024-02-28 03:50","1.9081","1.903","1.9132","1.8891","2296.4087","4369.64862986"
"2024-02-28 03:55","1.8876","1.8868","1.8952","1.834","5559.4752","10376.84041345"
"2024-02-28 04:00","1.8817","1.8725","1.8833","1.8725","895.2371","1678.74476226"
"2024-02-28 04:05","1.8856","1.8943","1.8943","1.8807","905.229","1709.07373992"
"2024-02-28 04:10","1.8943","1.8964","1.8964","1.8933","91.014","172.40080566"
"2024-02-28 04:15","1.8964","1.9243","1.925","1.8964","432.8558","826.99586535"
"2024-02-28 04:20","1.9235","1.9269","1.9269","1.923","93.4334","179.77925611"
"2024-02-28 04:25","1.908","1.9016","1.908","1.9016","140.8863","268.57307042"
"2024-02-28 04:30","1.9027","1.9074","1.921","1.9026","38.3325","73.15810306"
"2024-02-28 04:35","1.9031","1.9139","1.9139","1.9031","11.8082","22.48911334"
"2024-02-28 04:40","1.9175","1.905","1.9177","1.905","23.1","44.1824436"
"2024-02-28 04:45","1.9169","1.9029","1.9169","1.9029","148.3547","284.27177567"
"2024-02-28 04:50","1.9178","1.907","1.9178","1.907","11.8213","22.55448134"
"2024-02-28 04:55","1.9082","1.8986","1.919","1.8985","368.5993","701.16716623"
"2024-02-28 05:00","1.8986","1.8982","1.8986","1.8932","25.1756","47.74714576"
"2024-02-28 05:05","1.893","1.8914","1.893","1.8914","18.4026","34.81317428"
"2024-02-28 05:10","1.8913","1.863","1.8914","1.8298","2512.1278","4659.99198338"
"2024-02-28 05:15","1.863","1.8525","1.8679","1.8521","281.4718","523.5963212"
"2024-02-28 05:20","1.858","1.858","1.859","1.858","181.3052","336.90378578"
"2024-02-28 05:25","1.8525","1.8538","1.8567","1.8294","1927.262","3544.11001085"
"2024-02-28 05:30","1.8401","1.859","1.859","1.8401","166.6141","309.45047496"
"2024-02-28 05:35","1.8451","1.842","1.8451","1.842","718.3724","1323.45734511"
"2024-02-28 05:40","1.8421","1.8421","1.8421","1.842","147.3978","271.52124985"
"2024-02-28 05:45","1.8421","1.8615","1.8616","1.842","1551.2472","2876.21499454"
"2024-02-28 05:50","1.86","1.866","1.866","1.86","209.4684","389.84089437"
"2024-02-28 05:55","1.867","1.8934","1.9","1.867","1846.3389","3477.75133849"
"2024-02-28 06:00","1.8934","1.8849","1.8934","1.8758","866.4644","1633.27475906"
"2024-02-28 06:05","1.881","1.8689","1.881","1.8689","40.753","76.23471572"
"2024-02-28 06:10","1.8721","1.8768","1.8768","1.86","580.3117","1081.13193365"
"2024-02-28 06:15","1.8615","1.8766","1.8766","1.8615","41.0178","76.90229303"
"2024-02-28 06:20","1.876","1.8788","1.8807","1.8653","126.4735","237.55848952"
"2024-02-28 06:25","1.863","1.8651","1.8743","1.8501","569.9443","1057.73247202"
"2024-02-28 06:30","1.8561","1.856","1.8699","1.856","42.2859","78.65969494"
"2024-02-28 06:35","1.8671","1.8511","1.8683","1.8501","114.3846","212.39894451"
"2024-02-28 06:40","1.8511","1.8513","1.869","1.8511","372.9535","694.55911423"
"2024-02-28 06:45","1.8514","1.8514","1.8659","1.8513","45.4271","84.579769"
"2024-02-28 06:50","1.8599","1.853","1.8599","1.853","4.6857","8.69617854"
"2024-02-28 06:55","1.857","1.8522","1.8653","1.8521","353.4535","657.8107395"
"2024-02-28 07:00","1.855","1.861","1.8648","1.855","86.3943","160.71289726"
"2024-02-28 07:05","1.8649","1.8514","1.8681","1.8514","445.0018","826.3674675"
"2024-02-28 07:10","1.859","1.8521","1.8686","1.8513","383.3107","713.9410399"
"2024-02-28 07:15","1.8514","1.8732","1.8732","1.8513","1412.0936","2626.79423471"
"2024-02-28 07:20","1.872","1.872","1.872","1.872","5.3793","10.0700496"
"2024-02-28 07:25","1.872","1.872","1.872","1.872","0","0"
"2024-02-28 07:30","1.869","1.87","1.87","1.869","53.4759","99.9730641"
"2024-02-28 07:35","1.8689","1.845","1.87","1.84","1999.2659","3695.51376925"
"2024-02-28 07:40","1.845","1.8403","1.845","1.8403","412.8819","760.40405122"
"2024-02-28 07:45","1.8449","1.8402","1.845","1.8401","689.9754","1270.65185087"
"2024-02-28 07:50","1.8402","1.8263","1.8515","1.8263","3248.0624","5980.45015679"
"2024-02-28 07:55","1.8263","1.832","1.839","1.8251","183.8776","336.31802109"
"2024-02-28 08:00","1.825","1.8308","1.8308","1.8116","1088.7372","1984.94277772"
"2024-02-28 08:05","1.8227","1.84","1.8495","1.8226","996.4578","1835.37262262"
"2024-02-28 08:10","1.85","1.8231","1.8508","1.8231","520.7842","953.63360091"
"2024-02-28 08:15","1.8231","1.8339","1.8376","1.8175","298.6721","546.16766917"
"2024-02-28 08:20","1.8334","1.8296","1.8551","1.8109","3414.1917","6250.68856341"
"2024-02-28 08:25","1.8124","1.8249","1.8296","1.8091","494.9009","899.04161373"
"2024-02-28 08:30","1.8293","1.8145","1.8346","1.8145","392.1425","718.28607857"
"2024-02-28 08:35","1.8145","1.8261","1.8261","1.8145","39.5167","71.75942815"
"2024-02-28 08:40","1.8206","1.8135","1.823","1.7955","1053.1519","1901.41168125"
"2024-02-28 08:45","1.796","1.7809","1.796","1.7731","2399.8824","4282.86417447"
"2024-02-28 08:50","1.7731","1.7842","1.7842","1.7704","442.9526","788.98555557"
"2024-02-28 08:55","1.7812","1.7938","1.7938","1.7706","481.7879","857.97823556"
"2024-02-28 09:00","1.7825","1.7805","1.7939","1.7632","2837.1306","5040.5032661"
"2024-02-28 09:05","1.782","1.8083","1.812","1.7756","873.4103","1567.78878742"
"2024-02-28 09:10","1.8083","1.7858","1.8083","1.7858","2383.3812","4275.53238159"
"2024-02-28 09:15","1.79","1.78","1.79","1.7794","1413.6253","2528.23140216"
"2024-02-28 09:20","1.78","1.7804","1.7956","1.7741","547.6473","978.21557632"
"2024-02-28 09:25","1.7803","1.7803","1.7803","1.7803","6.1234","10.90148902"
"2024-02-28 09:30","1.7754","1.7894","1.8051","1.7753","2405.9977","4326.13846135"
"2024-02-28 09:35","1.7879","1.8033","1.8033","1.7879","207.4713","372.97971797"
"2024-02-28 09:40","1.7891","1.7868","1.7998","1.7868","777.9119","1391.38540202"
"2024-02-28 09:45","1.7869","1.7868","1.7892","1.7868","132.011","235.89307465"
"2024-02-28 09:50","1.7868","1.8","1.8054","1.7868","1257.7894","2252.94847831"
"2024-02-28 09:55","1.7997","1.7999","1.8","1.7869","373.322","670.91435188"
"2024-02-28 10:00","1.7998","1.7995","1.8","1.787","1122.7605","2020.23572012"
"2024-02-28 10:05","1.799","1.7984","1.7999","1.7869","1687.6544","3034.87104331"
"2024-02-28 10:10","1.7984","1.796","1.7984","1.7868","1296.6934","2328.59862071"
"2024-02-28 10:15","1.7869","1.7931","1.7931","1.7726","1369.4254","2438.71227111"
"2024-02-28 10:20","1.7732","1.7901","1.7901","1.7724","1126.0495","2011.35107047"
"2024-02-28 10:25","1.7752","1.7883","1.7901","1.7725","553.3731","985.67897319"
"2024-02-28 10:30","1.7901","1.79","1.7901","1.7592","1959.3239","3488.61561882"
"2024-02-28 10:35","1.79","1.829","1.8309","1.79","2602.3349","4722.14575507"
"2024-02-28 10:40","1.8289","1.849","1.85","1.8261","1187.2211","2174.69963619"
"2024-02-28 10:45","1.8439","1.8429","1.8476","1.8275","477.6776","879.08487898"
"2024-02-28 10:50","1.844","1.86","1.86","1.824","1597.8581","2950.57908814"
"2024-02-28 10:55","1.8593","1.8409","1.86","1.8295","715.7255","1321.25664498"
"2024-02-28 11:00","1.828","1.821","1.8371","1.821","197.6724","361.32559728"
"2024-02-28 11:05","1.821","1.8061","1.8287","1.8029","1968.0137","3565.0219517"
"2024-02-28 11:10","1.8137","1.8231","1.8326","1.809","681.4304","1239.7736862"
"2024-02-28 11:15","1.834","1.8635","1.8656","1.834","395.3052","734.39482959"
"2024-02-28 11:20","1.864","1.8288","1.864","1.8107","1944.4304","3553.7638388"
"2024-02-28 11:25","1.8144","1.8147","1.8147","1.7961","506.8397","917.85771441"
"2024-02-28 11:30","1.8147","1.7984","1.815","1.7942","497.1403","896.87407151"
"2024-02-28 11:35","1.8109","1.7909","1.8109","1.7909","1210.8576","2177.76553953"
"2024-02-28 11:40","1.7921","1.8","1.8019","1.7921","202.581","364.61144134"
"2024-02-28 11:45","1.8","1.7996","1.8","1.7863","975.0585","1748.86980579"
"2024-02-28 11:50","1.795","1.7902","1.8006","1.7867","1208.5558","2172.69284226"
"2024-02-28 11:55","1.7994","1.8035","1.8035","1.7839","1860.4868","3335.2666496"
"2024-02-28 12:00","1.7966","1.8","1.8077","1.7816","2043.009","3667.73987173"
"2024-02-28 12:05","1.7886","1.8013","1.8013","1.7817","646.4999","1159.31710499"
"2024-02-28 12:10","1.7862","1.7866","1.7994","1.7723","2426.9196","4314.65085085"
"2024-02-28 12:15","1.7799","1.764","1.7816","1.764","2770.8837","4901.22679301"
"2024-02-28 12:20","1.764","1.7734","1.7747","1.7604","296.9232","526.11108542"
"2024-02-28 12:25","1.76","1.7953","1.7976","1.76","1530.2446","2718.7559779"
"2024-02-28 12:30","1.7853","1.7713","1.804","1.7713","1486.803","2661.66785042"
"2024-02-28 12:35","1.7716","1.7714","1.7839","1.7421","3400.5668","5986.87854166"
"2024-02-28 12:40","1.7879","1.7908","1.7915","1.7879","49.7126","89.04482469"
"2024-02-28 12:45","1.7879","1.7673","1.7879","1.7066","10129.0038","17731.17315666"
"2024-02-28 12:50","1.7613","1.7796","1.7839","1.7613","2183.3495","3887.64626787"
"2024-02-28 12:55","1.7796","1.7767","1.7879","1.7767","2360.5709","4201.24640792"
"2024-02-28 13:00","1.7767","1.758","1.7818","1.7494","355.9406","630.26142433"
"2024-02-28 13:05","1.7482","1.7303","1.7519","1.7197","7969.8023","13819.6680891"
"2024-02-28 13:10","1.7474","1.7499","1.7526","1.7406","1045.8511","1827.47392568"
"2024-02-28 13:15","1.7371","1.7445","1.7588","1.7371","282.1923","494.72557765"
"2024-02-28 13:20","1.7588","1.759","1.7604","1.7588","1357.8164","2388.26411472"
"2024-02-28 13:25","1.7489","1.7457","1.758","1.7312","2851.3199","4970.01309975"
"2024-02-28 13:30","1.7304","1.7405","1.7589","1.7283","1341.952","2341.72253574"
"2024-02-28 13:35","1.7543","1.7497","1.7544","1.7347","631.2286","1099.08330716"
"2024-02-28 13:40","1.7497","1.7796","1.7796","1.7234","4607.6465","8105.59391304"
"2024-02-28 13:45","1.779","1.757","1.779","1.7536","5031.7066","8903.52407244"
"2024-02-28 13:50","1.7692","1.7703","1.7851","1.7692","392.178","697.78277666"
"2024-02-28 13:55","1.785","1.7744","1.7889","1.7705","1003.0527","1783.31077657"
"2024-02-28 14:00","1.7687","1.7866","1.7998","1.7639","1887.0845","3373.33734293"
"2024-02-28 14:05","1.7866","1.7865","1.7868","1.7865","385.6045","688.94098116"
"2024-02-28 14:10","1.7963","1.7963","1.7964","1.7963","366.6915","658.68877145"
"2024-02-28 14:15","1.7963","1.7978","1.8171","1.7963","1988.168","3589.74083139"
"2024-02-28 14:20","1.8136","1.8172","1.8248","1.7982","1194.8215","2176.06204032"
"2024-02-28 14:25","1.8239","1.819","1.8249","1.7865","3101.1163","5587.51404424"
"2024-02-28 14:30","1.813","1.812","1.819","1.8","1659.4118","2996.06454661"
"2024-02-28 14:35","1.8011","1.7966","1.8149","1.7938","893.8343","1608.15784862"
"2024-02-28 14:40","1.7967","1.7865","1.801","1.7865","621.6797","1115.28300782"
"2024-02-28 14:45","1.7865","1.785","1.8032","1.785","423.0262","757.96285261"
"2024-02-28 14:50","1.7851","1.7851","1.7851","1.7851","27.9142","49.82963842"
"2024-02-28 14:55","1.7852","1.7864","1.7864","1.785","702.3971","1253.81553306"
"2024-02-28 15:00","1.785","1.7844","1.785","1.7753","379.7015","677.29589871"
"2024-02-28 15:05","1.7761","1.7804","1.7804","1.767","653.4238","1157.82151142"
"2024-02-28 15:10","1.7804","1.7656","1.781","1.7656","3080.2692","5485.79913508"
"2024-02-28 15:15","1.7799","1.782","1.7935","1.7743","2828.2793","5043.03735134"
"2024-02-28 15:20","1.7781","1.7625","1.7781","1.7625","714.5256","1263.69198999"
"2024-02-28 15:25","1.7763","1.7763","1.7763","1.7696","279.9384","496.90104797"
"2024-02-28 15:30","1.7763","1.803","1.803","1.7763","1531.8688","2739.21816883"
"2024-02-28 15:35","1.803","1.8042","1.8245","1.7998","2244.415","4068.32394562"
"2024-02-28 15:40","1.809","1.834","1.8381","1.8073","2967.6538","5436.52294246"
"2024-02-28 15:45","1.8206","1.82","1.85","1.8112","7077.0882","12998.78760574"
"2024-02-28 15:50","1.8199","1.805","1.82","1.801","499.6154","904.03408284"
"2024-02-28 15:55","1.805","1.8176","1.8177","1.805","195.7559","354.39752553"
"2024-02-28 16:00","1.8051","1.8142","1.8178","1.8034","874.7245","1582.85605763"
"2024-02-28 16:05","1.814","1.801","1.814","1.799","107.9874","194.395169"
"2024-02-28 16:10","1.803","1.8178","1.8178","1.794","1766.6621","3182.03073108"
"2024-02-28 16:15","1.8139","1.822","1.822","1.8139","1028.9382","1870.93109492"
"2024-02-28 16:20","1.8178","1.82","1.82","1.8076","780.0803","1416.0094787"
"2024-02-28 16:25","1.818","1.818","1.8345","1.8116","950.2042","1729.67840012"
"2024-02-28 16:30","1.8259","1.8304","1.8307","1.8112","2636.9839","4811.47125482"
"2024-02-28 16:35","1.8285","1.8024","1.8303","1.73","8237.9476","14745.10967753"
"2024-02-28 16:40","1.798","1.7885","1.8","1.7852","750.5597","1348.92439631"
"2024-02-28 16:45","1.7884","1.788","1.7922","1.788","1478.8984","2647.79156715"
"2024-02-28 16:50","1.791","1.7791","1.7922","1.7791","528.799","946.54627023"
"2024-02-28 16:55","1.788","1.7539","1.7922","1.7539","1914.2494","3393.08696736"
"2024-02-28 17:00","1.7685","1.7494","1.7714","1.73","5519.5231","9626.77895879"
"2024-02-28 17:05","1.7557","1.7547","1.7557","1.74","419.9195","733.56446285"
"2024-02-28 17:10","1.7555","1.764","1.767","1.7366","2633.9531","4611.33626981"
"2024-02-28 17:15","1.7639","1.7378","1.7639","1.7378","628.1809","1099.57768336"
"2024-02-28 17:20","1.7373","1.7506","1.7532","1.7333","676.2705","1178.22566"
"2024-02-28 17:25","1.7401","1.74","1.7498","1.7301","2103.6284","3661.93572233"
"2024-02-28 17:30","1.7301","1.6797","1.7361","1.6503","8139.6506","13884.55229499"
"2024-02-28 17:35","1.6585","1.6202","1.6729","1.62","4969.2865","8167.75050872"
"2024-02-28 17:40","1.6463","1.6586","1.6753","1.6302","2388.7311","3937.82959961"
"2024-02-28 17:45","1.6586","1.65","1.699","1.6499","4811.0877","7991.42830687"
"2024-02-28 17:50","1.65","1.6489","1.65","1.6474","1083.931","1787.5961553"
"2024-02-28 17:55","1.65","1.6394","1.664","1.6394","2496.9928","4131.01810258"
"2024-02-28 18:00","1.6544","1.6394","1.6545","1.6301","1587.3569","2597.19778624"
"2024-02-28 18:05","1.6457","1.6458","1.6475","1.6394","890.1898","1464.70686803"
"2024-02-28 18:10","1.6444","1.6478","1.6519","1.631","1819.7149","2981.14872459"
"2024-02-28 18:15","1.6313","1.625","1.6478","1.6223","3074.3663","5007.44002229"
"2024-02-28 18:20","1.6367","1.62","1.6375","1.62","1945.1281","3156.14171083"
"2024-02-28 18:25","1.6288","1.5924","1.6294","1.578","3516.6333","5642.29603232"
"2024-02-28 18:30","1.5924","1.595","1.595","1.575","405.8123","641.2362959"
"2024-02-28 18:35","1.5942","1.5875","1.5942","1.58","650.243","1029.72435367"
"2024-02-28 18:40","1.5952","1.5983","1.605","1.5834","358.783","572.15334498"
"2024-02-28 18:45","1.605","1.6272","1.6272","1.605","454.4826","736.51274445"
"2024-02-28 18:50","1.6207","1.625","1.6267","1.6207","413.9479","671.87675493"
"2024-02-28 18:55","1.6274","1.6377","1.6437","1.6224","409.7642","670.6344378"
"2024-02-28 19:00","1.6179","1.62","1.6246","1.6093","670.1482","1086.7323341"
"2024-02-28 19:05","1.62","1.6141","1.6265","1.5744","3034.8824","4865.79000109"
"2024-02-28 19:10","1.6083","1.614","1.6214","1.6025","529.8203","856.54138692"
"2024-02-28 19:15","1.61","1.6576","1.6589","1.61","1135.305","1866.13297467"
"2024-02-28 19:20","1.6429","1.6438","1.6624","1.6408","526.8712","871.95771233"
"2024-02-28 19:25","1.6517","1.6798","1.6798","1.6517","847.4092","1414.66422328"
"2024-02-28 19:30","1.6799","1.7023","1.7024","1.6705","3483.0809","5884.97277203"
"2024-02-28 19:35","1.7022","1.7082","1.7082","1.7022","39.6648","67.57044159"
"2024-02-28 19:40","1.7085","1.6895","1.7119","1.688","398.1862","677.06511754"
"2024-02-28 19:45","1.7049","1.7053","1.7393","1.7049","2544.1785","4363.98438909"
"2024-02-28 19:50","1.7128","1.7046","1.7128","1.7046","430.9071","734.6341776"
"2024-02-28 19:55","1.7059","1.7128","1.716","1.6994","142.6964","243.73152143"
"2024-02-28 20:00","1.706","1.6882","1.706","1.6882","103.8551","176.09659801"
"2024-02-28 20:05","1.7033","1.7074","1.7074","1.6954","347.1572","592.28738695"
"2024-02-28 20:10","1.6925","1.6914","1.6925","1.6914","59.6946","101.03109979"
"2024-02-28 20:15","1.6914","1.6914","1.6914","1.6914","0","0"
"2024-02-28 20:20","1.693","1.6808","1.7019","1.6808","637.2436","1078.89608587"
"2024-02-28 20:25","1.6754","1.6776","1.6855","1.6675","79.9318","134.17141136"
"2024-02-28 20:30","1.6675","1.6724","1.6817","1.6538","644.5564","1071.75641395"
"2024-02-28 20:35","1.673","1.6743","1.6743","1.673","31.537","52.7631092"
"2024-02-28 20:40","1.6743","1.6526","1.6808","1.6517","783.6095","1295.99135758"
"2024-02-28 20:45","1.6526","1.659","1.6697","1.6514","667.3018","1105.06446686"
"2024-02-28 20:50","1.659","1.6523","1.6679","1.6441","1934.8814","3211.49364711"
"2024-02-28 20:55","1.652","1.6473","1.652","1.6438","692.5539","1140.14281193"
"2024-02-28 21:00","1.6473","1.6192","1.6485","1.6192","1381.3356","2265.0731071"
"2024-02-28 21:05","1.6218","1.638","1.638","1.6218","511.576","833.20577131"
"2024-02-28 21:10","1.6404","1.6504","1.6504","1.6404","295.1688","486.09778549"
"2024-02-28 21:15","1.6488","1.6693","1.6693","1.6483","493.3687","815.73307836"
"2024-02-28 21:20","1.6727","1.6581","1.6727","1.6581","117.3959","195.69660525"
"2024-02-28 21:25","1.672","1.6721","1.6721","1.672","32","53.50658967"
"2024-02-28 21:30","1.6721","1.6721","1.6721","1.6721","0","0"
"2024-02-28 21:35","1.6621","1.6426","1.6701","1.6426","775.5721","1281.83256739"
"2024-02-28 21:40","1.6426","1.6426","1.6489","1.6426","421.5655","692.46731062"
"2024-02-28 21:45","1.6426","1.6404","1.647","1.6211","618.856","1012.58732863"
"2024-02-28 21:50","1.6488","1.6694","1.6721","1.6488","438.7123","728.0302356"
"2024-02-28 21:55","1.6721","1.6694","1.6721","1.6694","87.9463","146.92381955"
"2024-02-28 22:00","1.6694","1.6694","1.6694","1.6694","5.9901","9.99987294"
"2024-02-28 22:05","1.662","1.6555","1.662","1.6555","88.1223","146.27218308"
"2024-02-28 22:10","1.6727","1.6734","1.6734","1.6727","34.2557","57.3204388"
"2024-02-28 22:15","1.6599","1.6728","1.6916","1.6599","1310.7112","2201.21815163"
"2024-02-28 22:20","1.6839","1.6629","1.6861","1.6629","2219.9536","3716.33216687"
"2024-02-28 22:25","1.662","1.6643","1.6693","1.654","900.3403","1496.39376938"
"2024-02-28 22:30","1.6601","1.6601","1.6601","1.6601","19.679","32.6691079"
"2024-02-28 22:35","1.6554","1.6348","1.6554","1.6348","1001.7971","1653.69180051"
"2024-02-28 22:40","1.64","1.6404","1.652","1.64","190.8982","313.44000828"
"2024-02-28 22:45","1.6404","1.6404","1.6404","1.6404","0","0"
"2024-02-28 22:50","1.6404","1.6404","1.6404","1.6404","122.7622","201.37911288"
"2024-02-28 22:55","1.6401","1.6355","1.6401","1.6355","294.03","481.2707943"
"2024-02-28 23:00","1.6355","1.6355","1.6355","1.6355","0","0"
"2024-02-28 23:05","1.6355","1.6355","1.6355","1.6355","0","0"
"2024-02-28 23:10","1.6414","1.6414","1.6414","1.6414","2.8624","4.69834336"
"2024-02-28 23:15","1.6401","1.6419","1.6419","1.6401","35.6702","58.53811722"
"2024-02-28 23:20","1.6517","1.6655","1.6655","1.6517","605.6783","1004.92323106"
"2024-02-28 23:25","1.6655","1.6655","1.6655","1.6655","0","0"
"2024-02-28 23:30","1.6522","1.6372","1.6522","1.6343","713.6186","1170.85345076"
"2024-02-28 23:35","1.6333","1.6333","1.6339","1.6333","388.4095","634.40104375"
"2024-02-28 23:40","1.6339","1.6373","1.6373","1.6333","674.6769","1103.03619347"
"2024-02-28 23:45","1.6334","1.6376","1.6376","1.6333","473.3916","774.06911345"
"2024-02-28 23:50","1.6334","1.6333","1.6334","1.6333","814.2095","1329.8503379"
"2024-02-28 23:55","1.6333","1.6333","1.6333","1.6333","19.679","32.1417107"
"2024-02-29 00:00","1.6334","1.648","1.648","1.6333","339.5829","557.69334835"
"2024-02-29 00:05","1.6335","1.6333","1.6336","1.6333","307.5306","502.30443943"
"2024-02-29 00:10","1.6333","1.6535","1.6535","1.6333","240.5228","393.2306439"
"2024-02-29 00:15","1.6535","1.6631","1.6682","1.6448","532.7856","884.90382125"
"2024-02-29 00:20","1.6631","1.6631","1.6631","1.6631","17.022","28.3092882"
"2024-02-29 00:25","1.6632","1.6666","1.667","1.6632","495.02","824.76184111"
"2024-02-29 00:30","1.6667","1.6667","1.6667","1.6666","535.8663","893.07966186"
"2024-02-29 00:35","1.6667","1.6667","1.6791","1.6667","168.0508","280.19177659"
"2024-02-29 00:40","1.6667","1.6553","1.6785","1.6514","1164.1645","1928.28696213"
"2024-02-29 00:45","1.6553","1.6553","1.6553","1.6553","0","0"
"2024-02-29 00:50","1.6516","1.6453","1.6517","1.6453","45.9896","75.79986982"
"2024-02-29 00:55","1.6516","1.6553","1.6553","1.6516","426.69","705.85508375"
"2024-02-29 01:00","1.6553","1.6491","1.6553","1.6491","412.984","683.04795048"
"2024-02-29 01:05","1.6475","1.6499","1.652","1.6448","126.3756","208.28421764"
"2024-02-29 01:10","1.648","1.652","1.652","1.648","77.8822","128.529108"
"2024-02-29 01:15","1.6519","1.649","1.6576","1.6442","498.1257","822.79913892"
"2024-02-29 01:20","1.6565","1.6447","1.6577","1.6447","563.5543","930.22844343"
"2024-02-29 01:25","1.6568","1.6576","1.6577","1.6499","699.9012","1157.75104845"
"2024-02-29 01:30","1.6511","1.6632","1.674","1.651","882.1405","1467.36878972"
"2024-02-29 01:35","1.6632","1.6632","1.6632","1.6632","0","0"
"2024-02-29 01:40","1.6742","1.6883","1.6919","1.6742","741.5784","1250.81029506"
"2024-02-29 01:45","1.6794","1.6875","1.69","1.6775","648.9555","1090.11616898"
"2024-02-29 01:50","1.686","1.6921","1.7099","1.686","1387.4599","2364.9610988"
"2024-02-29 01:55","1.6901","1.6864","1.7054","1.6861","233.5918","396.43050096"
"2024-02-29 02:00","1.7032","1.7116","1.7162","1.7032","403.5199","689.32621121"
"2024-02-29 02:05","1.7166","1.7177","1.7303","1.7166","81.8159","140.6912764"
"2024-02-29 02:10","1.7181","1.7275","1.7275","1.7137","282.4286","485.69039138"
"2024-02-29 02:15","1.7254","1.7308","1.7308","1.7222","661.283","1142.15834663"
"2024-02-29 02:20","1.7308","1.7298","1.7383","1.7222","739.5625","1277.71546825"
"2024-02-29 02:25","1.74","1.7439","1.7439","1.731","162.7461","282.48258929"
"2024-02-29 02:30","1.7388","1.7269","1.7388","1.7269","286.4981","496.15907711"
"2024-02-29 02:35","1.7232","1.7588","1.7588","1.7117","1039.537","1806.60306857"
"2024-02-29 02:40","1.7588","1.7592","1.7592","1.7588","151.2706","266.05523952"
"2024-02-29 02:45","1.7592","1.7676","1.7676","1.7588","387.3825","681.75466079"
"2024-02-29 02:50","1.7676","1.7676","1.7676","1.7676","88.2663","156.01951188"
"2024-02-29 02:55","1.7667","1.78","1.78","1.7666","1321.1752","2342.27559071"
"2024-02-29 03:00","1.7799","1.7794","1.7904","1.7794","2195.9099","3911.59895456"
"2024-02-29 03:05","1.7761","1.7777","1.7777","1.7728","86.734","154.01529857"
"2024-02-29 03:10","1.7778","1.7687","1.7904","1.7687","1028.1151","1828.57619933"
"2024-02-29 03:15","1.7687","1.777","1.78","1.7687","252.8204","448.93132756"
"2024-02-29 03:20","1.777","1.777","1.777","1.777","0","0"
"2024-02-29 03:25","1.7771","1.777","1.7771","1.777","143.0745","254.24619312"
"2024-02-29 03:30","1.777","1.777","1.777","1.777","0","0"
"2024-02-29 03:35","1.786","1.7872","1.7872","1.786","93.525","167.1241443"
"2024-02-29 03:40","1.7771","1.7895","1.7895","1.7693","1328.6254","2370.74797242"
"2024-02-29 03:45","1.786","1.7894","1.7904","1.7803","746.0645","1333.8651115"
"2024-02-29 03:50","1.792","1.7979","1.798","1.7763","693.8985","1246.82232948"
"2024-02-29 03:55","1.798","1.8","1.8","1.798","151.5412","272.61269505"
"2024-02-29 04:00","1.7979","1.7999","1.8049","1.7961","313.5244","563.79049398"
"2024-02-29 04:05","1.805","1.7929","1.816","1.7929","1052.0532","1904.65262701"
"2024-02-29 04:10","1.7918","1.7932","1.7933","1.7918","65.9072","118.17199969"
"2024-02-29 04:15","1.7919","1.786","1.7998","1.786","1538.5332","2756.80582426"
"2024-02-29 04:20","1.786","1.786","1.786","1.786","0","0"
"2024-02-29 04:25","1.7978","1.7901","1.8034","1.7858","1124.8113","2019.75629722"
"2024-02-29 04:30","1.8033","1.797","1.8033","1.7719","4504.9385","8039.5446467"
"2024-02-29 04:35","1.7976","1.7847","1.7985","1.7829","37.6189","67.18370127"
"2024-02-29 04:40","1.7885","1.7885","1.7885","1.7885","384.8371","688.28115335"
"2024-02-29 04:45","1.7978","1.7894","1.7985","1.7775","643.2036","1146.52913446"
"2024-02-29 04:50","1.7893","1.7866","1.7893","1.7802","490.8795","876.14514224"
"2024-02-29 04:55","1.7742","1.7742","1.775","1.7556","3652.1522","6444.00385788"
"2024-02-29 05:00","1.7742","1.7742","1.7742","1.7742","0","0"
"2024-02-29 05:05","1.7625","1.7567","1.7692","1.75","1369.2632","2408.8446547"
"2024-02-29 05:10","1.77","1.7689","1.77","1.7422","3742.9899","6565.37068707"
"2024-02-29 05:15","1.7555","1.7669","1.7669","1.7555","141.562","249.64638986"
"2024-02-29 05:20","1.7556","1.7558","1.7558","1.7556","27.524","48.32366064"
"2024-02-29 05:25","1.7698","1.7555","1.7698","1.7555","112.2098","197.21903611"
"2024-02-29 05:30","1.758","1.7555","1.758","1.7555","251.3938","441.60339808"
"2024-02-29 05:35","1.7556","1.751","1.756","1.751","65.1822","114.3099766"
"2024-02-29 05:40","1.751","1.7834","1.7866","1.751","679.3234","1206.81328245"
"2024-02-29 05:45","1.7867","1.8034","1.8034","1.7867","328.0943","589.74481605"
"2024-02-29 05:50","1.8033","1.8085","1.81","1.7917","1133.5409","2043.02961899"
"2024-02-29 05:55","1.8096","1.8115","1.812","1.7947","535.8499","968.84027998"
"2024-02-29 06:00","1.8115","1.7957","1.8115","1.7957","103.5922","187.16246455"
"2024-02-29 06:05","1.7983","1.8092","1.8092","1.7983","91.9681","165.9721119"
"2024-02-29 06:10","1.8092","1.8092","1.8092","1.8092","15.3466","27.76506872"
"2024-02-29 06:15","1.8093","1.8092","1.8139","1.8092","56.8089","102.86415911"
"2024-02-29 06:20","1.8139","1.8148","1.8172","1.8056","422.934","765.47209761"
"2024-02-29 06:25","1.7978","1.8139","1.8139","1.7944","247.7509","446.24500544"
"2024-02-29 06:30","1.81","1.817","1.817","1.81","114.3495","207.32406339"
"2024-02-29 06:35","1.8193","1.8231","1.8356","1.8193","536.1499","978.97797588"
"2024-02-29 06:40","1.8274","1.8539","1.869","1.8274","1757.3496","3244.22119148"
"2024-02-29 06:45","1.8688","1.8697","1.87","1.8556","218.7897","408.17215371"
"2024-02-29 06:50","1.8697","1.8709","1.8724","1.8488","992.7915","1852.12399905"
"2024-02-29 06:55","1.8723","1.86","1.8742","1.8542","424.4708","793.06532716"
"2024-02-29 07:00","1.875","1.8855","1.8855","1.863","1161.9302","2181.38490723"
"2024-02-29 07:05","1.8855","1.8694","1.8877","1.8693","566.5062","1060.71902111"
"2024-02-29 07:10","1.8656","1.8552","1.8656","1.8409","219.4293","406.10389423"
"2024-02-29 07:15","1.8546","1.8394","1.8546","1.838","41.3526","76.08521024"
"2024-02-29 07:20","1.8394","1.8258","1.8481","1.8134","1010.8608","1847.26468687"
"2024-02-29 07:25","1.8127","1.8069","1.8127","1.7852","1334.2255","2397.04337564"
"2024-02-29 07:30","1.8069","1.8123","1.813","1.8069","67.4026","121.97535273"
"2024-02-29 07:35","1.8162","1.8194","1.8194","1.8123","198.0458","359.66516248"
"2024-02-29 07:40","1.8186","1.7394","1.819","1.7394","7062.3276","12602.52350894"
"2024-02-29 07:45","1.7448","1.7482","1.7482","1.7365","4721.0027","8241.40857365"
"2024-02-29 07:50","1.747","1.7513","1.7513","1.7366","5833.9398","10201.557938"
"2024-02-29 07:55","1.7514","1.7526","1.7526","1.7514","5192.5991","9097.55312005"
"2024-02-29 08:00","1.7526","1.7546","1.758","1.7365","4592.9573","8055.82653534"
"2024-02-29 08:05","1.7545","1.764","1.764","1.7482","3809.291","6705.67728053"
"2024-02-29 08:10","1.7641","1.7865","1.7879","1.756","4592.736","8145.40502801"
"2024-02-29 08:15","1.7829","1.7999","1.7999","1.7733","5725.2051","10236.47203033"
"2024-02-29 08:20","1.7974","1.7876","1.7974","1.775","4574.0076","8172.23222519"
"2024-02-29 08:25","1.7876","1.7851","1.7881","1.7724","3737.7819","6676.35033071"
"2024-02-29 08:30","1.7852","1.7861","1.7861","1.785","4315.5849","7706.06221032"
"2024-02-29 08:35","1.7862","1.7831","1.7869","1.7688","5627.1214","10045.22121275"
"2024-02-29 08:40","1.7831","1.7843","1.7843","1.7831","6524.2991","11637.56905736"
"2024-02-29 08:45","1.7844","1.7801","1.7851","1.7801","4242.9908","7572.58368437"
"2024-02-29 08:50","1.7801","1.769","1.7854","1.7648","1777.571","3163.24143914"
"2024-02-29 08:55","1.769","1.7689","1.769","1.7601","321.5635","567.45546562"
"2024-02-29 09:00","1.7689","1.763","1.7829","1.76","1328.083","2348.5920368"
"2024-02-29 09:05","1.7639","1.7638","1.7759","1.7638","143.693","253.96015767"
"2024-02-29 09:10","1.7686","1.76","1.7698","1.76","905.4728","1595.77378275"
"2024-02-29 09:15","1.76","1.7431","1.7715","1.7305","5354.277","9334.54583257"
"2024-02-29 09:20","1.7431","1.7163","1.7431","1.7066","1249.7746","2154.97283072"
"2024-02-29 09:25","1.7117","1.7374","1.7446","1.7117","205.0479","355.64114714"
"2024-02-29 09:30","1.7316","1.7317","1.7317","1.7316","70.3367","121.80107944"
"2024-02-29 09:35","1.7389","1.7109","1.739","1.7109","881.5223","1522.66265025"
"2024-02-29 09:40","1.7083","1.706","1.7191","1.6978","688.3901","1176.46586585"
"2024-02-29 09:45","1.706","1.6981","1.706","1.698","313.73","533.11888008"
"2024-02-29 09:50","1.6968","1.6754","1.6979","1.6754","948.6666","1597.98866108"
"2024-02-29 09:55","1.6754","1.6401","1.6754","1.6401","1404.0004","2323.49965834"
"2024-02-29 10:00","1.6367","1.6385","1.6534","1.6218","1535.141","2509.75008893"
"2024-02-29 10:05","1.6535","1.659","1.6694","1.6437","1255.5386","2073.480277"
"2024-02-29 10:10","1.6544","1.62","1.6555","1.62","3893.9927","6359.42965851"
"2024-02-29 10:15","1.62","1.6412","1.6412","1.6151","1538.3196","2502.36265766"
"2024-02-29 10:20","1.6417","1.6253","1.6417","1.6232","885.4593","1447.13421402"
"2024-02-29 10:25","1.6211","1.622","1.6338","1.61","14739.58","23743.04960398"
"2024-02-29 10:30","1.6215","1.6102","1.6244","1.61","562.7248","909.71088986"
"2024-02-29 10:35","1.615","1.6376","1.6376","1.615","934.1504","1518.86108808"
"2024-02-29 10:40","1.6404","1.6369","1.6435","1.615","3007.0383","4895.04276455"
"2024-02-29 10:45","1.6351","1.6349","1.6351","1.6173","479.6631","782.54896859"
"2024-02-29 10:50","1.6349","1.6151","1.6358","1.6116","1028.2094","1668.56124271"
"2024-02-29 10:55","1.6151","1.638","1.638","1.6114","632.1913","1029.11536326"
"2024-02-29 11:00","1.6405","1.6499","1.6499","1.6405","1971.968","3236.86827677"
"2024-02-29 11:05","1.6488","1.6487","1.6548","1.6407","222.4243","366.76211907"
"2024-02-29 11:10","1.6548","1.6638","1.6784","1.6548","1335.4177","2224.69505247"
"2024-02-29 11:15","1.6761","1.683","1.6857","1.6638","820.978","1376.85822265"
"2024-02-29 11:20","1.683","1.6769","1.683","1.6664","356.6396","596.53232271"
"2024-02-29 11:25","1.6769","1.6777","1.6785","1.6665","112.4268","188.45173471"
"2024-02-29 11:30","1.6777","1.6768","1.6777","1.6766","273.5562","458.75467361"
"2024-02-29 11:35","1.6768","1.6777","1.6857","1.6684","374.2831","628.15874021"
"2024-02-29 11:40","1.6857","1.6881","1.6888","1.6785","206.2036","346.82094731"
"2024-02-29 11:45","1.687","1.6806","1.6879","1.678","282.2914","475.13043681"
"2024-02-29 11:50","1.6809","1.6994","1.6994","1.6809","203.1211","343.78252974"
"2024-02-29 11:55","1.6995","1.6981","1.7041","1.6866","798.7642","1354.52015704"
"2024-02-29 12:00","1.6989","1.6771","1.699","1.6769","1209.2687","2044.13024407"
"2024-02-29 12:05","1.6771","1.6739","1.6848","1.6619","357.8298","597.58404045"
"2024-02-29 12:10","1.661","1.6486","1.6613","1.6486","362.065","599.14281242"
"2024-02-29 12:15","1.6486","1.6636","1.6636","1.6486","458.9085","761.21507223"
"2024-02-29 12:20","1.6654","1.6749","1.6854","1.6654","268.7436","449.93908701"
"2024-02-29 12:25","1.678","1.6753","1.6857","1.6713","385.7203","647.92068434"
"2024-02-29 12:30","1.6755","1.677","1.677","1.6645","510.3894","851.47941941"
"2024-02-29 12:35","1.6768","1.662","1.6768","1.662","89.6553","149.12554186"
"2024-02-29 12:40","1.662","1.6618","1.6654","1.6485","675.1465","1117.55485699"
"2024-02-29 12:45","1.662","1.6485","1.662","1.6485","237.509","392.61487358"
"2024-02-29 12:50","1.6485","1.6588","1.6686","1.6367","2220.5621","3663.73522981"
"2024-02-29 12:55","1.6588","1.6601","1.6601","1.6461","434.2843","718.34852004"
"2024-02-29 13:00","1.6525","1.6495","1.6558","1.6444","165.147","272.3357423"
"2024-02-29 13:05","1.6459","1.6504","1.6601","1.6459","480.866","795.52718913"
"2024-02-29 13:10","1.655","1.655","1.655","1.6463","262.7705","434.51833706"
"2024-02-29 13:15","1.655","1.6651","1.6651","1.655","191.457","318.12664031"
"2024-02-29 13:20","1.6651","1.6701","1.6758","1.6589","233.3176","389.273563"
"2024-02-29 13:25","1.6798","1.6702","1.6799","1.6701","280.0383","468.11616293"
"2024-02-29 13:30","1.6703","1.671","1.6808","1.6658","356.7809","597.75556292"
"2024-02-29 13:35","1.671","1.6759","1.678","1.671","411.8531","689.68737172"
"2024-02-29 13:40","1.6759","1.674","1.6776","1.671","808.1604","1352.68165589"
"2024-02-29 13:45","1.674","1.673","1.675","1.6714","1340.3817","2242.78427295"
"2024-02-29 13:50","1.6716","1.6622","1.6741","1.6614","300.4495","501.38714311"
"2024-02-29 13:55","1.6723","1.6626","1.6724","1.6621","291.301","485.27474422"
"2024-02-29 14:00","1.6722","1.6763","1.6763","1.6611","625.9473","1045.00120341"
"2024-02-29 14:05","1.6668","1.6669","1.6856","1.6668","344.5543","577.70627887"
"2024-02-29 14:10","1.6798","1.6757","1.6907","1.6686","561.2124","944.65312319"
"2024-02-29 14:15","1.6801","1.673","1.6837","1.669","664.9413","1113.26193266"
"2024-02-29 14:20","1.6799","1.6671","1.6799","1.6669","67.784","113.37796939"
"2024-02-29 14:25","1.6677","1.6955","1.7111","1.6677","2701.5044","4571.5162227"
"2024-02-29 14:30","1.7052","1.6962","1.7074","1.6955","121.6609","206.77436456"
"2024-02-29 14:35","1.707","1.7026","1.7116","1.6961","282.6611","482.52148637"
"2024-02-29 14:40","1.7026","1.7172","1.7172","1.7006","570.1153","975.23796108"
"2024-02-29 14:45","1.7172","1.7136","1.7173","1.7091","536.8139","921.48718974"
"2024-02-29 14:50","1.7172","1.7125","1.7173","1.7124","255.4849","438.42839704"
"2024-02-29 14:55","1.7125","1.7172","1.7173","1.7124","509.995","873.63277135"
"2024-02-29 15:00","1.7172","1.7173","1.7173","1.7124","171.1579","293.74077159"
"2024-02-29 15:05","1.7172","1.708","1.7173","1.7063","480.6784","821.99634295"
"2024-02-29 15:10","1.708","1.7105","1.7159","1.7063","393.5047","673.30106476"
"2024-02-29 15:15","1.7173","1.728","1.728","1.712","734.8973","1265.17095578"
"2024-02-29 15:20","1.7299","1.7058","1.732","1.7058","1168.5123","2002.75916869"
"2024-02-29 15:25","1.7167","1.7078","1.7168","1.7002","186.3238","318.33827718"
"2024-02-29 15:30","1.7077","1.7007","1.7089","1.7006","253.7587","432.51827387"
"2024-02-29 15:35","1.7006","1.6955","1.7079","1.6955","167.5375","284.95449619"
"2024-02-29 15:40","1.698","1.7038","1.7048","1.6956","250.8604","426.39500711"
"2024-02-29 15:45","1.7037","1.7129","1.7234","1.6965","751.3817","1283.86592948"
"2024-02-29 15:50","1.725","1.7129","1.7308","1.7129","596.5614","1025.44303746"
"2024-02-29 15:55","1.713","1.7088","1.7138","1.6984","595.2911","1014.79731837"
"2024-02-29 16:00","1.7109","1.703","1.7136","1.6978","528.7731","902.71732097"
"2024-02-29 16:05","1.71","1.7101","1.7101","1.703","699.1616","1192.05285671"
"2024-02-29 16:10","1.7101","1.7234","1.7234","1.7031","1162.0942","1993.73682142"
"2024-02-29 16:15","1.7249","1.7425","1.7425","1.7171","841.3028","1456.81246714"
"2024-02-29 16:20","1.7428","1.7395","1.7473","1.7293","1139.6292","1984.92572029"
"2024-02-29 16:25","1.7402","1.7382","1.7478","1.7379","747.3071","1302.57450781"
"2024-02-29 16:30","1.7434","1.7449","1.7467","1.7383","181.783","316.74346041"
"2024-02-29 16:35","1.7445","1.7504","1.7504","1.7399","421.0338","735.74039528"
"2024-02-29 16:40","1.7506","1.748","1.7535","1.7416","1248.9125","2182.71857184"
"2024-02-29 16:45","1.748","1.7439","1.748","1.7423","859.6364","1502.44006476"
"2024-02-29 16:50","1.7403","1.73","1.7449","1.7164","772.3871","1337.06273733"
"2024-02-29 16:55","1.7301","1.7135","1.7301","1.7135","398.1483","683.31414685"
"2024-02-29 17:00","1.715","1.6954","1.715","1.6954","466.0387","795.15707475"
"2024-02-29 17:05","1.7067","1.71","1.715","1.7","408.5073","697.29571824"
"2024-02-29 17:10","1.7152","1.71","1.7174","1.7051","971.7375","1662.16882254"
"2024-02-29 17:15","1.71","1.7103","1.7245","1.7053","506.6267","866.78468873"
"2024-02-29 17:20","1.7206","1.72","1.7206","1.7105","225.4664","386.83681076"
"2024-02-29 17:25","1.72","1.72","1.7258","1.72","320.5065","551.59541067"
"2024-02-29 17:30","1.72","1.72","1.7309","1.72","792.5817","1364.83474769"
"2024-02-29 17:35","1.72","1.72","1.72","1.7152","403.332","693.52104"
"2024-02-29 17:40","1.72","1.7222","1.7442","1.709","1107.6823","1913.1473548"
"2024-02-29 17:45","1.7221","1.7151","1.7247","1.7085","222.331","382.04658215"
"2024-02-29 17:50","1.7246","1.7151","1.7247","1.7151","232.2246","399.18042986"
"2024-02-29 17:55","1.7153","1.7089","1.7153","1.7085","159.7464","273.68475108"
"2024-02-29 18:00","1.7088","1.7088","1.7152","1.7088","199.5121","341.43195124"
"2024-02-29 18:05","1.7089","1.7208","1.7208","1.7089","410.0049","702.76836339"
"2024-02-29 18:10","1.7208","1.7135","1.7208","1.7135","26.2232","45.06692056"
"2024-02-29 18:15","1.7134","1.7131","1.7241","1.7131","487.7391","839.34457548"
"2024-02-29 18:20","1.7235","1.7217","1.7235","1.7091","120.888","207.9492194"
"2024-02-29 18:25","1.7202","1.715","1.7202","1.7099","166.2154","285.04928604"
"2024-02-29 18:30","1.716","1.7188","1.7233","1.7151","355.4672","611.14145676"
"2024-02-29 18:35","1.7233","1.6968","1.7233","1.6968","278.1878","477.04166443"
"2024-02-29 18:40","1.7059","1.6586","1.7059","1.6581","1884.6775","3155.96761854"
"2024-02-29 18:45","1.6581","1.668","1.6733","1.6518","449.959","745.44584028"
"2024-02-29 18:50","1.668","1.6659","1.668","1.651","418.6409","692.9635695"
"2024-02-29 18:55","1.6514","1.651","1.6632","1.651","372.0168","615.13115086"
"2024-02-29 19:00","1.6625","1.6516","1.6659","1.651","574.5827","955.52476691"
"2024-02-29 19:05","1.6647","1.6835","1.6835","1.6591","514.1811","863.59656847"
"2024-02-29 19:10","1.6835","1.7","1.7","1.6835","1934.9041","3268.68025695"
"2024-02-29 19:15","1.7034","1.7033","1.7034","1.6941","429.6902","730.71298038"
"2024-02-29 19:20","1.7032","1.7047","1.7058","1.6922","1016.392","1723.76023642"
"2024-02-29 19:25","1.7056","1.7058","1.7058","1.7056","122.1861","208.41261581"
"2024-02-29 19:30","1.7058","1.7058","1.7058","1.7058","94.8374","161.77363692"
"2024-02-29 19:35","1.7058","1.6939","1.7058","1.6939","147.498","250.68363235"
"2024-02-29 19:40","1.6917","1.6895","1.6917","1.6895","306.0208","517.58738853"
"2024-02-29 19:45","1.7","1.6898","1.7","1.6898","18.9997","32.28864026"
"2024-02-29 19:50","1.6901","1.6896","1.7","1.6895","286.4703","484.3685333"
"2024-02-29 19:55","1.6895","1.6984","1.702","1.6895","175.6176","297.80560356"
"2024-02-29 20:00","1.702","1.7034","1.7034","1.702","4.7909","8.15699766"
"2024-02-29 20:05","1.703","1.686","1.7031","1.686","656.9151","1110.96742551"
"2024-02-29 20:10","1.6895","1.6943","1.6968","1.6808","177.375","299.91814245"
"2024-02-29 20:15","1.703","1.6941","1.703","1.6941","84.6442","143.68117109"
"2024-02-29 20:20","1.7026","1.706","1.706","1.6941","249.4431","425.04273515"
"2024-02-29 20:25","1.6942","1.6942","1.7027","1.694","196.9614","334.18360295"
"2024-02-29 20:30","1.6942","1.6943","1.6943","1.6942","76.5182","129.64189926"
"2024-02-29 20:35","1.6943","1.6943","1.6943","1.6943","31.9262","54.09256066"
"2024-02-29 20:40","1.694","1.6871","1.6942","1.6871","232.5779","393.52465611"
"2024-02-29 20:45","1.6921","1.6943","1.6999","1.6921","1628.4583","2759.17295109"
"2024-02-29 20:50","1.6999","1.6977","1.6999","1.697","61.4632","104.37074354"
"2024-02-29 20:55","1.698","1.7059","1.7059","1.6977","101.53","172.76242498"
"2024-02-29 21:00","1.7053","1.7089","1.7089","1.7053","290.1691","495.51290784"
"2024-02-29 21:05","1.7089","1.7179","1.7179","1.7089","61.1398","104.7317611"
"2024-02-29 21:10","1.718","1.7263","1.7263","1.718","365.0371","629.16110567"
"2024-02-29 21:15","1.727","1.7274","1.7274","1.727","26.9536","46.55870456"
"2024-02-29 21:20","1.7274","1.7196","1.7274","1.7196","767.8363","1324.95791991"
"2024-02-29 21:25","1.7152","1.7058","1.7276","1.7058","821.1196","1410.68147011"
"2024-02-29 21:30","1.71","1.709","1.7174","1.6958","543.0724","926.00889165"
"2024-02-29 21:35","1.7072","1.706","1.7072","1.706","39.6157","67.60285681"
"2024-02-29 21:40","1.706","1.6969","1.7106","1.6969","76.4924","130.37264016"
"2024-02-29 21:45","1.7064","1.7099","1.7099","1.6947","158.7826","270.07343985"
"2024-02-29 21:50","1.7086","1.7112","1.7142","1.6966","658.0289","1121.87640903"
"2024-02-29 21:55","1.7112","1.7112","1.7112","1.7112","0","0"
"2024-02-29 22:00","1.7146","1.7178","1.7178","1.7113","66.0937","113.20833057"
"2024-02-29 22:05","1.7232","1.7263","1.7371","1.7232","418.5414","724.67155561"
"2024-02-29 22:10","1.7263","1.7369","1.7369","1.7197","382.4609","663.32958717"
"2024-02-29 22:15","1.729","1.7444","1.7444","1.729","172.5183","300.44970495"
"2024-02-29 22:20","1.745","1.745","1.745","1.745","283.8338","495.289981"
"2024-02-29 22:25","1.7474","1.7506","1.7601","1.7474","316.7382","556.78259114"
"2024-02-29 22:30","1.7466","1.7464","1.7499","1.7464","334.2678","583.85173945"
"2024-02-29 22:35","1.7499","1.75","1.75","1.7499","245.3577","429.3662942"
"2024-02-29 22:40","1.75","1.7596","1.7644","1.75","309.4736","545.24809034"
"2024-02-29 22:45","1.7687","1.766","1.7899","1.7617","1082.2467","1928.83308608"
"2024-02-29 22:50","1.78","1.7748","1.7879","1.7748","78.4133","139.84141756"
"2024-02-29 22:55","1.7886","1.7942","1.7987","1.7886","120.6408","216.50427358"
"2024-02-29 23:00","1.7942","1.7942","1.7942","1.7942","0","0"
"2024-02-29 23:05","1.786","1.7745","1.7928","1.7745","128.1063","228.88285581"
"2024-02-29 23:10","1.7743","1.7766","1.7766","1.7671","375.5915","665.70537786"
"2024-02-29 23:15","1.7644","1.755","1.7714","1.7535","344.3198","605.40436272"
"2024-02-29 23:20","1.7535","1.7464","1.7535","1.7464","215.89","377.23033638"
"2024-02-29 23:25","1.7465","1.7381","1.7534","1.738","716.2114","1249.46534523"
"2024-02-29 23:30","1.7381","1.7381","1.7381","1.7381","0","0"
"2024-02-29 23:35","1.7477","1.7424","1.7596","1.732","372.1578","650.99443478"
"2024-02-29 23:40","1.7598","1.748","1.764","1.748","23.5687","41.44491192"
"2024-02-29 23:45","1.748","1.748","1.748","1.748","0","0"
"2024-02-29 23:50","1.748","1.748","1.748","1.748","0","0"
"2024-02-29 23:55","1.7424","1.7424","1.7424","1.7424","5.641","9.8288784"
"2024-03-01 00:00","1.7424","1.7419","1.7481","1.7419","59.493","103.77401312"
"2024-03-01 00:05","1.7419","1.735","1.7513","1.732","248.8844","433.22168352"
"2024-03-01 00:10","1.735","1.7309","1.735","1.7309","64.942","112.570542"
"2024-03-01 00:15","1.735","1.7297","1.744","1.7286","752.1786","1307.94662493"
"2024-03-01 00:20","1.7447","1.7428","1.7447","1.7301","33.7783","58.56279557"
"2024-03-01 00:25","1.7317","1.7287","1.7428","1.727","50.3699","87.1703298"
"2024-03-01 00:30","1.7388","1.7389","1.7429","1.7325","60.7401","105.59456044"
"2024-03-01 00:35","1.7389","1.7311","1.7389","1.7311","14.8073","25.70029577"
"2024-03-01 00:40","1.7314","1.7288","1.7387","1.727","309.5763","535.59398523"
"2024-03-01 00:45","1.7387","1.7426","1.7426","1.7387","363.3979","632.93557522"
"2024-03-01 00:50","1.74","1.74","1.7429","1.74","44.7777","77.99972008"
"2024-03-01 00:55","1.7277","1.7277","1.7277","1.7277","16.7059","28.86278343"
"2024-03-01 01:00","1.7429","1.7429","1.7429","1.7281","69.9272","121.48591188"
"2024-03-01 01:05","1.7429","1.7497","1.7514","1.732","125.6253","219.17489563"
"2024-03-01 01:10","1.748","1.748","1.748","1.748","14.8741","25.9999268"
"2024-03-01 01:15","1.744","1.743","1.744","1.7395","273.9","477.35010895"
"2024-03-01 01:20","1.7479","1.7441","1.7479","1.7441","33.951","59.28643132"
"2024-03-01 01:25","1.7532","1.7398","1.7535","1.7398","32.0868","56.05707756"
"2024-03-01 01:30","1.741","1.7344","1.741","1.7344","247.068","429.2154948"
"2024-03-01 01:35","1.7344","1.742","1.742","1.7344","195.1812","339.33803808"
"2024-03-01 01:40","1.7506","1.734","1.7516","1.7332","118.412","206.40166277"
"2024-03-01 01:45","1.7506","1.757","1.757","1.7386","335.8636","588.79257059"
"2024-03-01 01:50","1.7578","1.7452","1.7615","1.7451","88.7253","155.62507635"
"2024-03-01 01:55","1.76","1.7456","1.76","1.7456","29.7926","52.22049376"
"2024-03-01 02:00","1.75","1.75","1.75","1.75","3.5998","6.29965"
"2024-03-01 02:05","1.753","1.7657","1.7657","1.753","179.9811","317.42248039"
"2024-03-01 02:10","1.7551","1.758","1.759","1.7551","51.511","90.54697265"
"2024-03-01 02:15","1.7581","1.7566","1.7747","1.7566","316.3432","557.54607215"
"2024-03-01 02:20","1.7612","1.7579","1.7613","1.7565","90.2505","158.73084395"
"2024-03-01 02:25","1.76","1.7417","1.7613","1.7417","1419.2673","2480.45173448"
"2024-03-01 02:30","1.7417","1.7453","1.7536","1.741","321.7534","563.35821035"
"2024-03-01 02:35","1.755","1.7532","1.7948","1.7532","2563.2484","4550.27057477"
"2024-03-01 02:40","1.7532","1.7436","1.754","1.742","309.621","541.22207743"
"2024-03-01 02:45","1.7436","1.7455","1.7617","1.7436","40.2107","70.38204144"
"2024-03-01 02:50","1.7456","1.7455","1.7456","1.7455","125.0513","218.27756167"
"2024-03-01 02:55","1.7454","1.7359","1.7454","1.7355","70.3492","122.52415963"
"2024-03-01 03:00","1.7351","1.7298","1.7351","1.7298","113.71","196.91548228"
"2024-03-01 03:05","1.7449","1.7258","1.7449","1.7258","199.5154","345.42975829"
